customer_id,name,region
C1,Customer C1,North
C2,Customer C2,West
C3,Customer C3,North
C4,Customer C4,South
C5,Customer C5,North
C6,Customer C6,West
C7,Customer C7,South
C8,Customer C8,North
C9,Customer C9,North
C10,Customer C10,North
C11,Customer C11,South
C12,Customer C12,East
C13,Customer C13,South
C14,Customer C14,West
C15,Customer C15,North
C16,Customer C16,West
C17,Customer C17,North
C18,Customer C18,South
C19,Customer C19,West
C20,Customer C20,South
C21,Customer C21,North
C22,Customer C22,East
C23,Customer C23,West
C24,Customer C24,South
C25,Customer C25,West
C26,Customer C26,North
C27,Customer C27,West
C28,Customer C28,North
C29,Customer C29,South
C30,Customer C30,South
C31,Customer C31,West
C32,Customer C32,East
C33,Customer C33,South
C34,Customer C34,East
C35,Customer C35,South
C36,Customer C36,West
C37,Customer C37,East
C38,Customer C38,North
C39,Customer C39,South
C40,Customer C40,North
C41,Customer C41,West
C42,Customer C42,West
C43,Customer C43,West
C44,Customer C44,South
C45,Customer C45,South
C46,Customer C46,East
C47,Customer C47,West
C48,Customer C48,North
C49,Customer C49,South
C50,Customer C50,East
C51,Customer C51,West
C52,Customer C52,West
C53,Customer C53,West
C54,Customer C54,West
C55,Customer C55,North
C56,Customer C56,North
C57,Customer C57,South
C58,Customer C58,East
C59,Customer C59,North
C60,Customer C60,South
C61,Customer C61,South
C62,Customer C62,East
C63,Customer C63,West
C64,Customer C64,East
C65,Customer C65,South
C66,Customer C66,East
C67,Customer C67,North
C68,Customer C68,South
C69,Customer C69,North
C70,Customer C70,East
C71,Customer C71,East
C72,Customer C72,South
C73,Customer C73,South
C74,Customer C74,North
C75,Customer C75,East
C76,Customer C76,West
C77,Customer C77,West
C78,Customer C78,West
C79,Customer C79,West
C80,Customer C80,West
C81,Customer C81,North
C82,Customer C82,East
C83,Customer C83,West
C84,Customer C84,North
C85,Customer C85,East
C86,Customer C86,North
C87,Customer C87,North
C88,Customer C88,East
C89,Customer C89,East
C90,Customer C90,North
C91,Customer C91,West
C92,Customer C92,East
C93,Customer C93,South
C94,Customer C94,North
C95,Customer C95,North
C96,Customer C96,South
C97,Customer C97,South
C98,Customer C98,West
C99,Customer C99,North
C100,Customer C100,West
C101,Customer C101,East
C102,Customer C102,East
C103,Customer C103,West
C104,Customer C104,South
C105,Customer C105,North
C106,Customer C106,South
C107,Customer C107,South
C108,Customer C108,East
C109,Customer C109,South
C110,Customer C110,West
C111,Customer C111,South
C112,Customer C112,West
C113,Customer C113,East
C114,Customer C114,North
C115,Customer C115,West
C116,Customer C116,North
C117,Customer C117,North
C118,Customer C118,West
C119,Customer C119,North
C120,Customer C120,West
C121,Customer C121,East
C122,Customer C122,West
C123,Customer C123,South
C124,Customer C124,East
C125,Customer C125,East
C126,Customer C126,East
C127,Customer C127,North
C128,Customer C128,South
C129,Customer C129,South
C130,Customer C130,East
C131,Customer C131,West
C132,Customer C132,East
C133,Customer C133,West
C134,Customer C134,West
C135,Customer C135,South
C136,Customer C136,South
C137,Customer C137,North
C138,Customer C138,North
C139,Customer C139,North
C140,Customer C140,South
C141,Customer C141,North
C142,Customer C142,North
C143,Customer C143,South
C144,Customer C144,West
C145,Customer C145,South
C146,Customer C146,East
C147,Customer C147,East
C148,Customer C148,East
C149,Customer C149,North
C150,Customer C150,West
C151,Customer C151,West
C152,Customer C152,North
C153,Customer C153,South
C154,Customer C154,East
C155,Customer C155,East
C156,Customer C156,West
C157,Customer C157,South
C158,Customer C158,North
C159,Customer C159,North
C160,Customer C160,East
C161,Customer C161,South
C162,Customer C162,North
C163,Customer C163,North
C164,Customer C164,South
C165,Customer C165,North
C166,Customer C166,West
C167,Customer C167,South
C168,Customer C168,West
C169,Customer C169,South
C170,Customer C170,East
C171,Customer C171,North
C172,Customer C172,North
C173,Customer C173,East
C174,Customer C174,East
C175,Customer C175,South
C176,Customer C176,West
C177,Customer C177,South
C178,Customer C178,South
C179,Customer C179,East
C180,Customer C180,West
C181,Customer C181,East
C182,Customer C182,West
C183,Customer C183,East
C184,Customer C184,North
C185,Customer C185,East
C186,Customer C186,West
C187,Customer C187,East
C188,Customer C188,South
C189,Customer C189,South
C190,Customer C190,North
C191,Customer C191,South
C192,Customer C192,South
C193,Customer C193,East
C194,Customer C194,North
C195,Customer C195,North
C196,Customer C196,North
C197,Customer C197,East
C198,Customer C198,North
C199,Customer C199,North
C200,Customer C200,North
C201,Customer C201,East
C202,Customer C202,South
C203,Customer C203,West
C204,Customer C204,North
C205,Customer C205,West
C206,Customer C206,West
C207,Customer C207,West
C208,Customer C208,East
C209,Customer C209,West
C210,Customer C210,East
C211,Customer C211,North
C212,Customer C212,North
C213,Customer C213,West
C214,Customer C214,South
C215,Customer C215,East
C216,Customer C216,West
C217,Customer C217,South
C218,Customer C218,West
C219,Customer C219,West
C220,Customer C220,South
C221,Customer C221,West
C222,Customer C222,East
C223,Customer C223,North
C224,Customer C224,North
C225,Customer C225,East
C226,Customer C226,West
C227,Customer C227,South
C228,Customer C228,West
C229,Customer C229,South
C230,Customer C230,East
C231,Customer C231,South
C232,Customer C232,North
C233,Customer C233,North
C234,Customer C234,West
C235,Customer C235,North
C236,Customer C236,West
C237,Customer C237,West
C238,Customer C238,North
C239,Customer C239,East
C240,Customer C240,East
C241,Customer C241,South
C242,Customer C242,West
C243,Customer C243,South
C244,Customer C244,West
C245,Customer C245,North
C246,Customer C246,North
C247,Customer C247,West
C248,Customer C248,South
C249,Customer C249,West
C250,Customer C250,East
C251,Customer C251,West
C252,Customer C252,East
C253,Customer C253,South
C254,Customer C254,South
C255,Customer C255,West
C256,Customer C256,North
C257,Customer C257,North
C258,Customer C258,North
C259,Customer C259,North
C260,Customer C260,North
C261,Customer C261,East
C262,Customer C262,West
C263,Customer C263,South
C264,Customer C264,South
C265,Customer C265,West
C266,Customer C266,South
C267,Customer C267,North
C268,Customer C268,East
C269,Customer C269,South
C270,Customer C270,East
C271,Customer C271,South
C272,Customer C272,South
C273,Customer C273,North
C274,Customer C274,North
C275,Customer C275,East
C276,Customer C276,East
C277,Customer C277,East
C278,Customer C278,East
C279,Customer C279,East
C280,Customer C280,North
C281,Customer C281,North
C282,Customer C282,North
C283,Customer C283,West
C284,Customer C284,South
C285,Customer C285,West
C286,Customer C286,East
C287,Customer C287,East
C288,Customer C288,South
C289,Customer C289,West
C290,Customer C290,South
C291,Customer C291,South
C292,Customer C292,West
C293,Customer C293,North
C294,Customer C294,East
C295,Customer C295,West
C296,Customer C296,South
C297,Customer C297,South
C298,Customer C298,North
C299,Customer C299,East
C300,Customer C300,East
C301,Customer C301,East
C302,Customer C302,South
C303,Customer C303,North
C304,Customer C304,East
C305,Customer C305,North
C306,Customer C306,South
C307,Customer C307,East
C308,Customer C308,West
C309,Customer C309,South
C310,Customer C310,North
C311,Customer C311,West
C312,Customer C312,East
C313,Customer C313,South
C314,Customer C314,South
C315,Customer C315,North
C316,Customer C316,East
C317,Customer C317,North
C318,Customer C318,South
C319,Customer C319,West
C320,Customer C320,North
C321,Customer C321,South
C322,Customer C322,East
C323,Customer C323,South
C324,Customer C324,West
C325,Customer C325,West
C326,Customer C326,East
C327,Customer C327,South
C328,Customer C328,West
C329,Customer C329,South
C330,Customer C330,West
C331,Customer C331,North
C332,Customer C332,South
C333,Customer C333,North
C334,Customer C334,East
C335,Customer C335,East
C336,Customer C336,South
C337,Customer C337,South
C338,Customer C338,South
C339,Customer C339,North
C340,Customer C340,North
C341,Customer C341,North
C342,Customer C342,South
C343,Customer C343,North
C344,Customer C344,West
C345,Customer C345,West
C346,Customer C346,North
C347,Customer C347,West
C348,Customer C348,East
C349,Customer C349,South
C350,Customer C350,West
C351,Customer C351,East
C352,Customer C352,East
C353,Customer C353,East
C354,Customer C354,North
C355,Customer C355,South
C356,Customer C356,North
C357,Customer C357,East
C358,Customer C358,West
C359,Customer C359,North
C360,Customer C360,North
C361,Customer C361,North
C362,Customer C362,North
C363,Customer C363,South
C364,Customer C364,North
C365,Customer C365,North
C366,Customer C366,East
C367,Customer C367,South
C368,Customer C368,North
C369,Customer C369,North
C370,Customer C370,North
C371,Customer C371,North
C372,Customer C372,North
C373,Customer C373,East
C374,Customer C374,North
C375,Customer C375,East
C376,Customer C376,West
C377,Customer C377,East
C378,Customer C378,West
C379,Customer C379,South
C380,Customer C380,West
C381,Customer C381,North
C382,Customer C382,West
C383,Customer C383,South
C384,Customer C384,South
C385,Customer C385,West
C386,Customer C386,West
C387,Customer C387,South
C388,Customer C388,East
C389,Customer C389,West
C390,Customer C390,South
C391,Customer C391,South
C392,Customer C392,East
C393,Customer C393,East
C394,Customer C394,East
C395,Customer C395,West
C396,Customer C396,North
C397,Customer C397,South
C398,Customer C398,North
C399,Customer C399,South
C400,Customer C400,North
C401,Customer C401,West
C402,Customer C402,South
C403,Customer C403,West
C404,Customer C404,East
C405,Customer C405,East
C406,Customer C406,West
C407,Customer C407,North
C408,Customer C408,South
C409,Customer C409,West
C410,Customer C410,North
C411,Customer C411,East
C412,Customer C412,West
C413,Customer C413,East
C414,Customer C414,East
C415,Customer C415,West
C416,Customer C416,North
C417,Customer C417,North
C418,Customer C418,North
C419,Customer C419,South
C420,Customer C420,South
C421,Customer C421,North
C422,Customer C422,West
C423,Customer C423,North
C424,Customer C424,South
C425,Customer C425,North
C426,Customer C426,West
C427,Customer C427,West
C428,Customer C428,South
C429,Customer C429,East
C430,Customer C430,East
C431,Customer C431,East
C432,Customer C432,West
C433,Customer C433,East
C434,Customer C434,East
C435,Customer C435,North
C436,Customer C436,North
C437,Customer C437,East
C438,Customer C438,North
C439,Customer C439,East
C440,Customer C440,North
C441,Customer C441,North
C442,Customer C442,North
C443,Customer C443,North
C444,Customer C444,East
C445,Customer C445,North
C446,Customer C446,West
C447,Customer C447,North
C448,Customer C448,North
C449,Customer C449,North
C450,Customer C450,South
C451,Customer C451,South
C452,Customer C452,South
C453,Customer C453,West
C454,Customer C454,East
C455,Customer C455,North
C456,Customer C456,South
C457,Customer C457,East
C458,Customer C458,East
C459,Customer C459,South
C460,Customer C460,West
C461,Customer C461,West
C462,Customer C462,North
C463,Customer C463,East
C464,Customer C464,North
C465,Customer C465,West
C466,Customer C466,East
C467,Customer C467,North
C468,Customer C468,North
C469,Customer C469,South
C470,Customer C470,West
C471,Customer C471,East
C472,Customer C472,East
C473,Customer C473,West
C474,Customer C474,South
C475,Customer C475,North
C476,Customer C476,North
C477,Customer C477,West
C478,Customer C478,North
C479,Customer C479,West
C480,Customer C480,West
C481,Customer C481,West
C482,Customer C482,South
C483,Customer C483,South
C484,Customer C484,South
C485,Customer C485,West
C486,Customer C486,South
C487,Customer C487,North
C488,Customer C488,South
C489,Customer C489,East
C490,Customer C490,North
C491,Customer C491,South
C492,Customer C492,East
C493,Customer C493,West
C494,Customer C494,West
C495,Customer C495,North
C496,Customer C496,North
C497,Customer C497,South
C498,Customer C498,East
C499,Customer C499,North
C500,Customer C500,South
C501,Customer C501,East
C502,Customer C502,West
C503,Customer C503,South
C504,Customer C504,East
C505,Customer C505,North
C506,Customer C506,South
C507,Customer C507,West
C508,Customer C508,South
C509,Customer C509,South
C510,Customer C510,East
C511,Customer C511,East
C512,Customer C512,South
C513,Customer C513,East
C514,Customer C514,South
C515,Customer C515,North
C516,Customer C516,East
C517,Customer C517,South
C518,Customer C518,East
C519,Customer C519,East
C520,Customer C520,East
C521,Customer C521,West
C522,Customer C522,South
C523,Customer C523,East
C524,Customer C524,North
C525,Customer C525,North
C526,Customer C526,North
C527,Customer C527,North
C528,Customer C528,West
C529,Customer C529,South
C530,Customer C530,South
C531,Customer C531,South
C532,Customer C532,West
C533,Customer C533,East
C534,Customer C534,West
C535,Customer C535,West
C536,Customer C536,South
C537,Customer C537,South
C538,Customer C538,East
C539,Customer C539,East
C540,Customer C540,South
C541,Customer C541,West
C542,Customer C542,South
C543,Customer C543,North
C544,Customer C544,West
C545,Customer C545,North
C546,Customer C546,South
C547,Customer C547,North
C548,Customer C548,East
C549,Customer C549,East
C550,Customer C550,West
C551,Customer C551,East
C552,Customer C552,South
C553,Customer C553,East
C554,Customer C554,West
C555,Customer C555,East
C556,Customer C556,North
C557,Customer C557,South
C558,Customer C558,East
C559,Customer C559,South
C560,Customer C560,South
C561,Customer C561,East
C562,Customer C562,North
C563,Customer C563,West
C564,Customer C564,South
C565,Customer C565,West
C566,Customer C566,South
C567,Customer C567,South
C568,Customer C568,West
C569,Customer C569,South
C570,Customer C570,South
C571,Customer C571,South
C572,Customer C572,East
C573,Customer C573,West
C574,Customer C574,East
C575,Customer C575,South
C576,Customer C576,South
C577,Customer C577,West
C578,Customer C578,East
C579,Customer C579,North
C580,Customer C580,South
C581,Customer C581,East
C582,Customer C582,North
C583,Customer C583,East
C584,Customer C584,South
C585,Customer C585,South
C586,Customer C586,North
C587,Customer C587,West
C588,Customer C588,East
C589,Customer C589,West
C590,Customer C590,South
C591,Customer C591,North
C592,Customer C592,West
C593,Customer C593,North
C594,Customer C594,North
C595,Customer C595,South
C596,Customer C596,East
C597,Customer C597,West
C598,Customer C598,East
C599,Customer C599,South
C600,Customer C600,East
C601,Customer C601,South
C602,Customer C602,North
C603,Customer C603,East
C604,Customer C604,East
C605,Customer C605,East
C606,Customer C606,North
C607,Customer C607,East
C608,Customer C608,South
C609,Customer C609,South
C610,Customer C610,West
C611,Customer C611,West
C612,Customer C612,West
C613,Customer C613,West
C614,Customer C614,North
C615,Customer C615,West
C616,Customer C616,North
C617,Customer C617,North
C618,Customer C618,North
C619,Customer C619,East
C620,Customer C620,North
C621,Customer C621,West
C622,Customer C622,North
C623,Customer C623,North
C624,Customer C624,South
C625,Customer C625,East
C626,Customer C626,East
C627,Customer C627,East
C628,Customer C628,West
C629,Customer C629,North
C630,Customer C630,West
C631,Customer C631,North
C632,Customer C632,East
C633,Customer C633,West
C634,Customer C634,North
C635,Customer C635,West
C636,Customer C636,West
C637,Customer C637,West
C638,Customer C638,West
C639,Customer C639,North
C640,Customer C640,South
C641,Customer C641,North
C642,Customer C642,North
C643,Customer C643,North
C644,Customer C644,East
C645,Customer C645,East
C646,Customer C646,North
C647,Customer C647,East
C648,Customer C648,North
C649,Customer C649,East
C650,Customer C650,South
C651,Customer C651,East
C652,Customer C652,West
C653,Customer C653,South
C654,Customer C654,North
C655,Customer C655,East
C656,Customer C656,West
C657,Customer C657,East
C658,Customer C658,North
C659,Customer C659,West
C660,Customer C660,North
C661,Customer C661,North
C662,Customer C662,West
C663,Customer C663,East
C664,Customer C664,North
C665,Customer C665,West
C666,Customer C666,West
C667,Customer C667,West
C668,Customer C668,South
C669,Customer C669,South
C670,Customer C670,North
C671,Customer C671,South
C672,Customer C672,North
C673,Customer C673,West
C674,Customer C674,West
C675,Customer C675,North
C676,Customer C676,East
C677,Customer C677,North
C678,Customer C678,North
C679,Customer C679,South
C680,Customer C680,North
C681,Customer C681,North
C682,Customer C682,East
C683,Customer C683,East
C684,Customer C684,South
C685,Customer C685,East
C686,Customer C686,South
C687,Customer C687,West
C688,Customer C688,North
C689,Customer C689,South
C690,Customer C690,West
C691,Customer C691,North
C692,Customer C692,North
C693,Customer C693,South
C694,Customer C694,South
C695,Customer C695,West
C696,Customer C696,North
C697,Customer C697,West
C698,Customer C698,South
C699,Customer C699,West
C700,Customer C700,East
C701,Customer C701,West
C702,Customer C702,East
C703,Customer C703,North
C704,Customer C704,West
C705,Customer C705,South
C706,Customer C706,South
C707,Customer C707,West
C708,Customer C708,East
C709,Customer C709,West
C710,Customer C710,South
C711,Customer C711,South
C712,Customer C712,South
C713,Customer C713,North
C714,Customer C714,East
C715,Customer C715,East
C716,Customer C716,South
C717,Customer C717,West
C718,Customer C718,West
C719,Customer C719,South
C720,Customer C720,South
C721,Customer C721,West
C722,Customer C722,South
C723,Customer C723,West
C724,Customer C724,South
C725,Customer C725,North
C726,Customer C726,West
C727,Customer C727,South
C728,Customer C728,North
C729,Customer C729,East
C730,Customer C730,East
C731,Customer C731,North
C732,Customer C732,North
C733,Customer C733,North
C734,Customer C734,South
C735,Customer C735,North
C736,Customer C736,East
C737,Customer C737,South
C738,Customer C738,South
C739,Customer C739,North
C740,Customer C740,West
C741,Customer C741,East
C742,Customer C742,East
C743,Customer C743,East
C744,Customer C744,North
C745,Customer C745,North
C746,Customer C746,West
C747,Customer C747,South
C748,Customer C748,North
C749,Customer C749,West
C750,Customer C750,North
C751,Customer C751,West
C752,Customer C752,South
C753,Customer C753,East
C754,Customer C754,South
C755,Customer C755,West
C756,Customer C756,North
C757,Customer C757,South
C758,Customer C758,West
C759,Customer C759,East
C760,Customer C760,East
C761,Customer C761,South
C762,Customer C762,West
C763,Customer C763,North
C764,Customer C764,West
C765,Customer C765,South
C766,Customer C766,East
C767,Customer C767,East
C768,Customer C768,South
C769,Customer C769,East
C770,Customer C770,East
C771,Customer C771,East
C772,Customer C772,North
C773,Customer C773,East
C774,Customer C774,East
C775,Customer C775,East
C776,Customer C776,East
C777,Customer C777,East
C778,Customer C778,East
C779,Customer C779,East
C780,Customer C780,South
C781,Customer C781,South
C782,Customer C782,North
C783,Customer C783,East
C784,Customer C784,North
C785,Customer C785,South
C786,Customer C786,North
C787,Customer C787,North
C788,Customer C788,East
C789,Customer C789,East
C790,Customer C790,North
C791,Customer C791,West
C792,Customer C792,South
C793,Customer C793,East
C794,Customer C794,West
C795,Customer C795,West
C796,Customer C796,West
C797,Customer C797,North
C798,Customer C798,North
C799,Customer C799,West
C800,Customer C800,North
C801,Customer C801,North
C802,Customer C802,East
C803,Customer C803,East
C804,Customer C804,East
C805,Customer C805,West
C806,Customer C806,North
C807,Customer C807,South
C808,Customer C808,West
C809,Customer C809,West
C810,Customer C810,North
C811,Customer C811,North
C812,Customer C812,East
C813,Customer C813,North
C814,Customer C814,East
C815,Customer C815,East
C816,Customer C816,North
C817,Customer C817,South
C818,Customer C818,West
C819,Customer C819,East
C820,Customer C820,West
C821,Customer C821,North
C822,Customer C822,South
C823,Customer C823,West
C824,Customer C824,West
C825,Customer C825,East
C826,Customer C826,North
C827,Customer C827,East
C828,Customer C828,South
C829,Customer C829,North
C830,Customer C830,West
C831,Customer C831,East
C832,Customer C832,East
C833,Customer C833,North
C834,Customer C834,South
C835,Customer C835,North
C836,Customer C836,East
C837,Customer C837,South
C838,Customer C838,West
C839,Customer C839,South
C840,Customer C840,East
C841,Customer C841,North
C842,Customer C842,West
C843,Customer C843,North
C844,Customer C844,South
C845,Customer C845,West
C846,Customer C846,West
C847,Customer C847,East
C848,Customer C848,West
C849,Customer C849,North
C850,Customer C850,West
C851,Customer C851,South
C852,Customer C852,East
C853,Customer C853,South
C854,Customer C854,South
C855,Customer C855,East
C856,Customer C856,West
C857,Customer C857,North
C858,Customer C858,West
C859,Customer C859,South
C860,Customer C860,East
C861,Customer C861,South
C862,Customer C862,North
C863,Customer C863,West
C864,Customer C864,North
C865,Customer C865,North
C866,Customer C866,North
C867,Customer C867,South
C868,Customer C868,West
C869,Customer C869,West
C870,Customer C870,South
C871,Customer C871,East
C872,Customer C872,East
C873,Customer C873,South
C874,Customer C874,West
C875,Customer C875,South
C876,Customer C876,South
C877,Customer C877,West
C878,Customer C878,West
C879,Customer C879,North
C880,Customer C880,North
C881,Customer C881,North
C882,Customer C882,South
C883,Customer C883,East
C884,Customer C884,North
C885,Customer C885,South
C886,Customer C886,East
C887,Customer C887,South
C888,Customer C888,West
C889,Customer C889,West
C890,Customer C890,South
C891,Customer C891,East
C892,Customer C892,North
C893,Customer C893,West
C894,Customer C894,West
C895,Customer C895,North
C896,Customer C896,North
C897,Customer C897,South
C898,Customer C898,North
C899,Customer C899,West
C900,Customer C900,North
C901,Customer C901,North
C902,Customer C902,East
C903,Customer C903,North
C904,Customer C904,East
C905,Customer C905,East
C906,Customer C906,North
C907,Customer C907,East
C908,Customer C908,North
C909,Customer C909,South
C910,Customer C910,South
C911,Customer C911,South
C912,Customer C912,West
C913,Customer C913,South
C914,Customer C914,West
C915,Customer C915,North
C916,Customer C916,North
C917,Customer C917,West
C918,Customer C918,West
C919,Customer C919,South
C920,Customer C920,East
C921,Customer C921,North
C922,Customer C922,West
C923,Customer C923,South
C924,Customer C924,East
C925,Customer C925,West
C926,Customer C926,East
C927,Customer C927,East
C928,Customer C928,West
C929,Customer C929,East
C930,Customer C930,South
C931,Customer C931,North
C932,Customer C932,South
C933,Customer C933,East
C934,Customer C934,West
C935,Customer C935,North
C936,Customer C936,West
C937,Customer C937,East
C938,Customer C938,North
C939,Customer C939,West
C940,Customer C940,South
C941,Customer C941,East
C942,Customer C942,North
C943,Customer C943,East
C944,Customer C944,East
C945,Customer C945,North
C946,Customer C946,East
C947,Customer C947,North
C948,Customer C948,West
C949,Customer C949,West
C950,Customer C950,East
C951,Customer C951,West
C952,Customer C952,West
C953,Customer C953,West
C954,Customer C954,West
C955,Customer C955,South
C956,Customer C956,East
C957,Customer C957,North
C958,Customer C958,North
C959,Customer C959,South
C960,Customer C960,North
C961,Customer C961,West
C962,Customer C962,North
C963,Customer C963,South
C964,Customer C964,North
C965,Customer C965,North
C966,Customer C966,North
C967,Customer C967,South
C968,Customer C968,South
C969,Customer C969,North
C970,Customer C970,North
C971,Customer C971,West
C972,Customer C972,East
C973,Customer C973,East
C974,Customer C974,South
C975,Customer C975,East
C976,Customer C976,West
C977,Customer C977,North
C978,Customer C978,East
C979,Customer C979,West
C980,Customer C980,West
C981,Customer C981,East
C982,Customer C982,West
C983,Customer C983,North
C984,Customer C984,North
C985,Customer C985,West
C986,Customer C986,East
C987,Customer C987,South
C988,Customer C988,North
C989,Customer C989,West
C990,Customer C990,North
C991,Customer C991,East
C992,Customer C992,East
C993,Customer C993,South
C994,Customer C994,North
C995,Customer C995,North
C996,Customer C996,West
C997,Customer C997,East
C998,Customer C998,East
C999,Customer C999,North
C1000,Customer C1000,North
C1001,Customer C1001,East
C1002,Customer C1002,East
C1003,Customer C1003,East
C1004,Customer C1004,North
C1005,Customer C1005,South
C1006,Customer C1006,West
C1007,Customer C1007,South
C1008,Customer C1008,East
C1009,Customer C1009,East
C1010,Customer C1010,South
C1011,Customer C1011,North
C1012,Customer C1012,West
C1013,Customer C1013,West
C1014,Customer C1014,South
C1015,Customer C1015,South
C1016,Customer C1016,West
C1017,Customer C1017,South
C1018,Customer C1018,South
C1019,Customer C1019,West
C1020,Customer C1020,West
C1021,Customer C1021,West
C1022,Customer C1022,South
C1023,Customer C1023,South
C1024,Customer C1024,North
C1025,Customer C1025,West
C1026,Customer C1026,East
C1027,Customer C1027,South
C1028,Customer C1028,North
C1029,Customer C1029,West
C1030,Customer C1030,East
C1031,Customer C1031,North
C1032,Customer C1032,South
C1033,Customer C1033,North
C1034,Customer C1034,North
C1035,Customer C1035,South
C1036,Customer C1036,West
C1037,Customer C1037,West
C1038,Customer C1038,West
C1039,Customer C1039,South
C1040,Customer C1040,South
C1041,Customer C1041,North
C1042,Customer C1042,North
C1043,Customer C1043,West
C1044,Customer C1044,North
C1045,Customer C1045,West
C1046,Customer C1046,East
C1047,Customer C1047,East
C1048,Customer C1048,West
C1049,Customer C1049,North
C1050,Customer C1050,West
C1051,Customer C1051,North
C1052,Customer C1052,South
C1053,Customer C1053,West
C1054,Customer C1054,East
C1055,Customer C1055,West
C1056,Customer C1056,North
C1057,Customer C1057,South
C1058,Customer C1058,West
C1059,Customer C1059,West
C1060,Customer C1060,East
C1061,Customer C1061,East
C1062,Customer C1062,North
C1063,Customer C1063,East
C1064,Customer C1064,East
C1065,Customer C1065,West
C1066,Customer C1066,South
C1067,Customer C1067,North
C1068,Customer C1068,South
C1069,Customer C1069,East
C1070,Customer C1070,West
C1071,Customer C1071,North
C1072,Customer C1072,East
C1073,Customer C1073,South
C1074,Customer C1074,West
C1075,Customer C1075,North
C1076,Customer C1076,North
C1077,Customer C1077,South
C1078,Customer C1078,West
C1079,Customer C1079,West
C1080,Customer C1080,West
C1081,Customer C1081,South
C1082,Customer C1082,West
C1083,Customer C1083,South
C1084,Customer C1084,North
C1085,Customer C1085,North
C1086,Customer C1086,East
C1087,Customer C1087,North
C1088,Customer C1088,East
C1089,Customer C1089,South
C1090,Customer C1090,North
C1091,Customer C1091,North
C1092,Customer C1092,South
C1093,Customer C1093,East
C1094,Customer C1094,South
C1095,Customer C1095,North
C1096,Customer C1096,East
C1097,Customer C1097,East
C1098,Customer C1098,East
C1099,Customer C1099,South
C1100,Customer C1100,West
C1101,Customer C1101,West
C1102,Customer C1102,South
C1103,Customer C1103,North
C1104,Customer C1104,South
C1105,Customer C1105,East
C1106,Customer C1106,South
C1107,Customer C1107,East
C1108,Customer C1108,East
C1109,Customer C1109,South
C1110,Customer C1110,South
C1111,Customer C1111,South
C1112,Customer C1112,North
C1113,Customer C1113,East
C1114,Customer C1114,North
C1115,Customer C1115,East
C1116,Customer C1116,East
C1117,Customer C1117,East
C1118,Customer C1118,South
C1119,Customer C1119,North
C1120,Customer C1120,South
C1121,Customer C1121,North
C1122,Customer C1122,West
C1123,Customer C1123,South
C1124,Customer C1124,North
C1125,Customer C1125,South
C1126,Customer C1126,South
C1127,Customer C1127,North
C1128,Customer C1128,West
C1129,Customer C1129,South
C1130,Customer C1130,South
C1131,Customer C1131,West
C1132,Customer C1132,West
C1133,Customer C1133,South
C1134,Customer C1134,East
C1135,Customer C1135,North
C1136,Customer C1136,North
C1137,Customer C1137,South
C1138,Customer C1138,North
C1139,Customer C1139,North
C1140,Customer C1140,East
C1141,Customer C1141,East
C1142,Customer C1142,North
C1143,Customer C1143,East
C1144,Customer C1144,West
C1145,Customer C1145,South
C1146,Customer C1146,West
C1147,Customer C1147,East
C1148,Customer C1148,East
C1149,Customer C1149,East
C1150,Customer C1150,South
C1151,Customer C1151,East
C1152,Customer C1152,East
C1153,Customer C1153,South
C1154,Customer C1154,West
C1155,Customer C1155,West
C1156,Customer C1156,North
C1157,Customer C1157,East
C1158,Customer C1158,South
C1159,Customer C1159,North
C1160,Customer C1160,West
C1161,Customer C1161,South
C1162,Customer C1162,West
C1163,Customer C1163,North
C1164,Customer C1164,East
C1165,Customer C1165,North
C1166,Customer C1166,North
C1167,Customer C1167,West
C1168,Customer C1168,West
C1169,Customer C1169,West
C1170,Customer C1170,South
C1171,Customer C1171,West
C1172,Customer C1172,South
C1173,Customer C1173,East
C1174,Customer C1174,North
C1175,Customer C1175,North
C1176,Customer C1176,East
C1177,Customer C1177,South
C1178,Customer C1178,East
C1179,Customer C1179,East
C1180,Customer C1180,East
C1181,Customer C1181,West
C1182,Customer C1182,North
C1183,Customer C1183,East
C1184,Customer C1184,West
C1185,Customer C1185,North
C1186,Customer C1186,West
C1187,Customer C1187,South
C1188,Customer C1188,South
C1189,Customer C1189,West
C1190,Customer C1190,South
C1191,Customer C1191,North
C1192,Customer C1192,South
C1193,Customer C1193,North
C1194,Customer C1194,East
C1195,Customer C1195,East
C1196,Customer C1196,South
C1197,Customer C1197,West
C1198,Customer C1198,South
C1199,Customer C1199,East
C1200,Customer C1200,South
C1201,Customer C1201,South
C1202,Customer C1202,North
C1203,Customer C1203,South
C1204,Customer C1204,South
C1205,Customer C1205,South
C1206,Customer C1206,North
C1207,Customer C1207,North
C1208,Customer C1208,North
C1209,Customer C1209,East
C1210,Customer C1210,East
C1211,Customer C1211,South
C1212,Customer C1212,West
C1213,Customer C1213,North
C1214,Customer C1214,North
C1215,Customer C1215,West
C1216,Customer C1216,North
C1217,Customer C1217,West
C1218,Customer C1218,South
C1219,Customer C1219,North
C1220,Customer C1220,East
C1221,Customer C1221,North
C1222,Customer C1222,North
C1223,Customer C1223,West
C1224,Customer C1224,East
C1225,Customer C1225,South
C1226,Customer C1226,West
C1227,Customer C1227,South
C1228,Customer C1228,East
C1229,Customer C1229,North
C1230,Customer C1230,West
C1231,Customer C1231,South
C1232,Customer C1232,West
C1233,Customer C1233,North
C1234,Customer C1234,West
C1235,Customer C1235,East
C1236,Customer C1236,South
C1237,Customer C1237,East
C1238,Customer C1238,South
C1239,Customer C1239,South
C1240,Customer C1240,West
C1241,Customer C1241,East
C1242,Customer C1242,South
C1243,Customer C1243,North
C1244,Customer C1244,South
C1245,Customer C1245,North
C1246,Customer C1246,South
C1247,Customer C1247,West
C1248,Customer C1248,East
C1249,Customer C1249,North
C1250,Customer C1250,East
C1251,Customer C1251,East
C1252,Customer C1252,North
C1253,Customer C1253,North
C1254,Customer C1254,South
C1255,Customer C1255,North
C1256,Customer C1256,North
C1257,Customer C1257,South
C1258,Customer C1258,East
C1259,Customer C1259,North
C1260,Customer C1260,West
C1261,Customer C1261,North
C1262,Customer C1262,West
C1263,Customer C1263,North
C1264,Customer C1264,East
C1265,Customer C1265,West
C1266,Customer C1266,West
C1267,Customer C1267,North
C1268,Customer C1268,East
C1269,Customer C1269,North
C1270,Customer C1270,East
C1271,Customer C1271,North
C1272,Customer C1272,West
C1273,Customer C1273,North
C1274,Customer C1274,East
C1275,Customer C1275,East
C1276,Customer C1276,North
C1277,Customer C1277,East
C1278,Customer C1278,South
C1279,Customer C1279,South
C1280,Customer C1280,North
C1281,Customer C1281,West
C1282,Customer C1282,North
C1283,Customer C1283,West
C1284,Customer C1284,North
C1285,Customer C1285,East
C1286,Customer C1286,West
C1287,Customer C1287,North
C1288,Customer C1288,East
C1289,Customer C1289,West
C1290,Customer C1290,South
C1291,Customer C1291,North
C1292,Customer C1292,South
C1293,Customer C1293,East
C1294,Customer C1294,West
C1295,Customer C1295,North
C1296,Customer C1296,East
C1297,Customer C1297,West
C1298,Customer C1298,North
C1299,Customer C1299,East
C1300,Customer C1300,South
C1301,Customer C1301,West
C1302,Customer C1302,East
C1303,Customer C1303,West
C1304,Customer C1304,West
C1305,Customer C1305,East
C1306,Customer C1306,North
C1307,Customer C1307,South
C1308,Customer C1308,North
C1309,Customer C1309,East
C1310,Customer C1310,West
C1311,Customer C1311,East
C1312,Customer C1312,West
C1313,Customer C1313,North
C1314,Customer C1314,South
C1315,Customer C1315,West
C1316,Customer C1316,West
C1317,Customer C1317,West
C1318,Customer C1318,South
C1319,Customer C1319,East
C1320,Customer C1320,North
C1321,Customer C1321,North
C1322,Customer C1322,North
C1323,Customer C1323,South
C1324,Customer C1324,East
C1325,Customer C1325,West
C1326,Customer C1326,East
C1327,Customer C1327,South
C1328,Customer C1328,South
C1329,Customer C1329,North
C1330,Customer C1330,South
C1331,Customer C1331,South
C1332,Customer C1332,North
C1333,Customer C1333,South
C1334,Customer C1334,West
C1335,Customer C1335,West
C1336,Customer C1336,East
C1337,Customer C1337,North
C1338,Customer C1338,West
C1339,Customer C1339,South
C1340,Customer C1340,West
C1341,Customer C1341,West
C1342,Customer C1342,East
C1343,Customer C1343,South
C1344,Customer C1344,North
C1345,Customer C1345,West
C1346,Customer C1346,North
C1347,Customer C1347,South
C1348,Customer C1348,South
C1349,Customer C1349,West
C1350,Customer C1350,South
C1351,Customer C1351,North
C1352,Customer C1352,South
C1353,Customer C1353,West
C1354,Customer C1354,North
C1355,Customer C1355,East
C1356,Customer C1356,South
C1357,Customer C1357,West
C1358,Customer C1358,West
C1359,Customer C1359,West
C1360,Customer C1360,North
C1361,Customer C1361,West
C1362,Customer C1362,East
C1363,Customer C1363,South
C1364,Customer C1364,West
C1365,Customer C1365,East
C1366,Customer C1366,East
C1367,Customer C1367,North
C1368,Customer C1368,North
C1369,Customer C1369,East
C1370,Customer C1370,East
C1371,Customer C1371,East
C1372,Customer C1372,North
C1373,Customer C1373,South
C1374,Customer C1374,East
C1375,Customer C1375,North
C1376,Customer C1376,North
C1377,Customer C1377,North
C1378,Customer C1378,South
C1379,Customer C1379,West
C1380,Customer C1380,North
C1381,Customer C1381,West
C1382,Customer C1382,South
C1383,Customer C1383,West
C1384,Customer C1384,North
C1385,Customer C1385,West
C1386,Customer C1386,West
C1387,Customer C1387,North
C1388,Customer C1388,West
C1389,Customer C1389,South
C1390,Customer C1390,East
C1391,Customer C1391,East
C1392,Customer C1392,South
C1393,Customer C1393,North
C1394,Customer C1394,West
C1395,Customer C1395,North
C1396,Customer C1396,West
C1397,Customer C1397,North
C1398,Customer C1398,North
C1399,Customer C1399,South
C1400,Customer C1400,North
C1401,Customer C1401,North
C1402,Customer C1402,West
C1403,Customer C1403,North
C1404,Customer C1404,North
C1405,Customer C1405,West
C1406,Customer C1406,East
C1407,Customer C1407,East
C1408,Customer C1408,East
C1409,Customer C1409,North
C1410,Customer C1410,North
C1411,Customer C1411,West
C1412,Customer C1412,West
C1413,Customer C1413,South
C1414,Customer C1414,North
C1415,Customer C1415,North
C1416,Customer C1416,South
C1417,Customer C1417,South
C1418,Customer C1418,East
C1419,Customer C1419,West
C1420,Customer C1420,North
C1421,Customer C1421,West
C1422,Customer C1422,East
C1423,Customer C1423,West
C1424,Customer C1424,East
C1425,Customer C1425,South
C1426,Customer C1426,West
C1427,Customer C1427,West
C1428,Customer C1428,South
C1429,Customer C1429,West
C1430,Customer C1430,North
C1431,Customer C1431,South
C1432,Customer C1432,West
C1433,Customer C1433,West
C1434,Customer C1434,North
C1435,Customer C1435,North
C1436,Customer C1436,West
C1437,Customer C1437,South
C1438,Customer C1438,North
C1439,Customer C1439,South
C1440,Customer C1440,West
