order_id,customer_id,product_id,revenue,order_date
O1,C1,P8,60.61,2025-01-01
O2,C2,P7,50.34,2025-01-01
O3,C3,P11,36.13,2025-01-01
O4,C4,P8,66.09,2025-01-01
O5,C5,P12,70.02,2025-01-01
O6,C6,P8,58.13,2025-01-02
O7,C7,P5,121.77,2025-01-02
O8,C8,P8,64.65,2025-01-02
O9,C9,P11,38.86,2025-01-02
O10,C10,P10,52.73,2025-01-02
O11,C11,P9,22.87,2025-01-03
O12,C12,P10,63.26,2025-01-03
O13,C13,P2,116.91,2025-01-03
O14,C14,P8,67.84,2025-01-04
O15,C15,P3,36.95,2025-01-04
O16,C16,P1,24.47,2025-01-05
O17,C17,P9,19.26,2025-01-06
O18,C18,P3,31.53,2025-01-06
O19,C19,P10,64.45,2025-01-06
O20,C20,P9,22.99,2025-01-06
O21,C21,P5,124.19,2025-01-07
O22,C22,P9,22.89,2025-01-07
O23,C23,P2,117.93,2025-01-07
O24,C24,P3,36.75,2025-01-08
O25,C25,P8,59.61,2025-01-09
O26,C26,P6,97.12,2025-01-09
O27,C27,P9,22.99,2025-01-09
O28,C28,P3,37.97,2025-01-09
O29,C29,P2,110.22,2025-01-09
O30,C30,P10,56.18,2025-01-10
O31,C31,P3,34.01,2025-01-10
O32,C32,P10,63.69,2025-01-10
O33,C33,P12,72.93,2025-01-11
O34,C34,P9,19.48,2025-01-11
O35,C35,P11,41.86,2025-01-11
O36,C36,P12,67.3,2025-01-11
O37,C37,P8,57.96,2025-01-11
O38,C38,P7,61.93,2025-01-12
O39,C39,P8,53.83,2025-01-12
O40,C40,P8,57.37,2025-01-12
O41,C41,P5,121.86,2025-01-12
O42,C42,P5,118.81,2025-01-13
O43,C43,P5,112.37,2025-01-13
O44,C44,P7,49.57,2025-01-13
O45,C45,P6,95.57,2025-01-13
O46,C46,P12,79.2,2025-01-14
O47,C47,P10,54.01,2025-01-14
O48,C48,P7,51.09,2025-01-14
O49,C49,P8,67.65,2025-01-15
O50,C50,P9,20.81,2025-01-15
O51,C51,P6,91.22,2025-01-16
O52,C52,P4,37.04,2025-01-16
O53,C53,P11,33.42,2025-01-16
O54,C54,P12,79.89,2025-01-17
O55,C55,P2,112.25,2025-01-17
O56,C56,P6,88.69,2025-01-18
O57,C57,P4,42.92,2025-01-18
O58,C58,P7,54.61,2025-01-18
O59,C59,P2,100.37,2025-01-19
O60,C60,P1,23.69,2025-01-19
O61,C61,P4,36.5,2025-01-19
O62,C62,P6,98.55,2025-01-20
O63,C63,P2,102.08,2025-01-20
O64,C64,P9,19.52,2025-01-20
O65,C65,P7,56.63,2025-01-21
O66,C66,P11,35.25,2025-01-21
O67,C67,P11,34.43,2025-01-21
O68,C68,P1,22.72,2025-01-21
O69,C69,P11,34.27,2025-01-22
O70,C70,P12,66.91,2025-01-22
O71,C71,P11,40.63,2025-01-22
O72,C72,P8,62.54,2025-01-23
O73,C73,P4,37.57,2025-01-23
O74,C74,P5,116.61,2025-01-23
O75,C75,P11,39.32,2025-01-24
O76,C76,P9,18.53,2025-01-24
O77,C77,P3,36.63,2025-01-24
O78,C78,P9,18.93,2025-01-24
O79,C79,P7,61.35,2025-01-25
O80,C80,P7,62.08,2025-01-25
O81,C81,P4,38.55,2025-01-25
O82,C82,P3,38.36,2025-01-25
O83,C83,P1,28.32,2025-01-26
O84,C84,P10,57.0,2025-01-26
O85,C85,P4,42.8,2025-01-26
O86,C86,P4,42.94,2025-01-26
O87,C16,P5,108.04,2025-01-26
O88,C87,P2,102.26,2025-01-27
O89,C88,P10,58.27,2025-01-27
O90,C89,P5,101.51,2025-01-27
O91,C12,P2,122.4,2025-01-27
O92,C90,P10,61.17,2025-01-28
O93,C91,P1,27.9,2025-01-28
O94,C92,P3,35.18,2025-01-28
O95,C93,P5,100.86,2025-01-28
O96,C94,P10,58.34,2025-01-29
O97,C95,P1,27.23,2025-01-29
O98,C96,P7,52.84,2025-01-29
O99,C97,P11,42.48,2025-01-29
O100,C98,P6,107.97,2025-01-30
O101,C99,P9,20.4,2025-01-30
O102,C100,P10,62.56,2025-01-31
O103,C101,P3,35.86,2025-01-31
O104,C102,P11,39.99,2025-01-31
O105,C103,P1,27.85,2025-01-31
O106,C104,P10,52.11,2025-02-01
O107,C105,P12,81.46,2025-02-01
O108,C106,P10,57.65,2025-02-01
O109,C107,P5,124.94,2025-02-01
O110,C108,P5,109.31,2025-02-02
O111,C109,P7,55.95,2025-02-02
O112,C110,P7,48.77,2025-02-02
O113,C111,P4,44.28,2025-02-03
O114,C112,P3,39.23,2025-02-03
O115,C113,P7,61.38,2025-02-03
O116,C114,P3,33.72,2025-02-03
O117,C115,P9,19.53,2025-02-04
O118,C116,P2,111.02,2025-02-04
O119,C117,P3,39.35,2025-02-04
O120,C118,P4,38.83,2025-02-05
O121,C119,P6,92.98,2025-02-05
O122,C120,P9,19.12,2025-02-05
O123,C121,P5,123.9,2025-02-05
O124,C122,P8,67.14,2025-02-06
O125,C123,P9,22.79,2025-02-06
O126,C124,P12,78.01,2025-02-06
O127,C125,P7,51.86,2025-02-07
O128,C126,P4,41.01,2025-02-07
O129,C127,P1,23.02,2025-02-07
O130,C128,P3,36.89,2025-02-07
O131,C129,P10,61.43,2025-02-07
O132,C130,P7,57.2,2025-02-08
O133,C131,P11,41.18,2025-02-08
O134,C132,P5,105.66,2025-02-08
O135,C133,P10,57.77,2025-02-08
O136,C134,P8,65.46,2025-02-09
O137,C135,P7,55.03,2025-02-09
O138,C136,P3,35.08,2025-02-09
O139,C137,P10,53.29,2025-02-09
O140,C138,P12,77.4,2025-02-10
O141,C139,P1,28.42,2025-02-10
O142,C140,P3,35.46,2025-02-10
O143,C141,P6,111.17,2025-02-10
O144,C142,P12,74.9,2025-02-11
O145,C143,P5,106.82,2025-02-11
O146,C144,P3,35.08,2025-02-11
O147,C145,P7,56.59,2025-02-11
O148,C146,P12,78.98,2025-02-12
O149,C147,P8,62.4,2025-02-12
O150,C148,P11,38.12,2025-02-12
O151,C149,P9,23.16,2025-02-13
O152,C150,P1,23.07,2025-02-13
O153,C151,P1,27.06,2025-02-13
O154,C152,P9,22.66,2025-02-14
O155,C153,P8,55.35,2025-02-14
O156,C154,P7,50.34,2025-02-14
O157,C155,P1,27.96,2025-02-14
O158,C156,P12,74.8,2025-02-14
O159,C157,P7,50.11,2025-02-15
O160,C158,P11,35.88,2025-02-15
O161,C159,P1,24.86,2025-02-15
O162,C160,P2,102.19,2025-02-15
O163,C161,P3,38.26,2025-02-16
O164,C162,P11,36.27,2025-02-16
O165,C163,P1,28.17,2025-02-16
O166,C164,P8,55.03,2025-02-17
O167,C165,P1,24.77,2025-02-17
O168,C166,P10,51.18,2025-02-17
O169,C167,P9,19.04,2025-02-17
O170,C168,P3,34.17,2025-02-18
O171,C169,P3,35.4,2025-02-18
O172,C170,P1,27.58,2025-02-18
O173,C171,P9,19.96,2025-02-18
O174,C172,P10,61.26,2025-02-19
O175,C173,P4,39.78,2025-02-19
O176,C174,P12,71.95,2025-02-19
O177,C175,P9,20.88,2025-02-19
O178,C176,P11,37.23,2025-02-20
O179,C177,P5,110.7,2025-02-20
O180,C178,P11,38.54,2025-02-20
O181,C179,P5,109.25,2025-02-20
O182,C180,P7,60.28,2025-02-21
O183,C181,P1,24.54,2025-02-21
O184,C182,P2,126.12,2025-02-21
O185,C183,P2,109.2,2025-02-21
O186,C184,P3,31.65,2025-02-21
O187,C185,P6,98.89,2025-02-22
O188,C186,P12,82.62,2025-02-22
O189,C187,P11,38.44,2025-02-22
O190,C188,P1,27.03,2025-02-22
O191,C189,P1,26.27,2025-02-22
O192,C190,P4,36.19,2025-02-23
O193,C191,P6,108.29,2025-02-23
O194,C192,P2,100.32,2025-02-23
O195,C193,P2,114.25,2025-02-23
O196,C194,P7,51.73,2025-02-24
O197,C195,P8,57.64,2025-02-24
O198,C196,P10,62.11,2025-02-25
O199,C197,P11,35.41,2025-02-25
O200,C198,P7,57.95,2025-02-25
O201,C199,P10,55.23,2025-02-25
O202,C200,P6,107.47,2025-02-26
O203,C201,P11,42.36,2025-02-26
O204,C202,P1,26.29,2025-02-26
O205,C203,P12,71.63,2025-02-26
O206,C204,P10,54.12,2025-02-26
O207,C205,P7,50.21,2025-02-27
O208,C206,P8,58.3,2025-02-27
O209,C207,P12,71.65,2025-02-27
O210,C208,P5,115.57,2025-02-27
O211,C209,P1,23.95,2025-02-27
O212,C210,P11,42.4,2025-02-27
O213,C211,P12,68.29,2025-02-27
O214,C212,P1,22.59,2025-02-28
O215,C213,P4,35.76,2025-02-28
O216,C214,P3,32.63,2025-02-28
O217,C215,P1,25.98,2025-02-28
O218,C216,P12,70.09,2025-03-01
O219,C217,P3,32.57,2025-03-01
O220,C218,P9,18.38,2025-03-01
O221,C219,P1,23.6,2025-03-01
O222,C220,P6,102.47,2025-03-01
O223,C221,P7,57.15,2025-03-02
O224,C222,P6,102.43,2025-03-02
O225,C223,P1,25.02,2025-03-02
O226,C224,P2,104.94,2025-03-02
O227,C225,P9,23.01,2025-03-02
O228,C79,P2,100.62,2025-03-02
O229,C226,P9,18.49,2025-03-03
O230,C227,P5,109.2,2025-03-03
O231,C228,P8,61.87,2025-03-03
O232,C229,P7,48.74,2025-03-03
O233,C230,P11,39.51,2025-03-04
O234,C231,P2,117.57,2025-03-04
O235,C232,P11,34.86,2025-03-04
O236,C233,P12,82.14,2025-03-04
O237,C234,P10,52.79,2025-03-05
O238,C235,P7,52.46,2025-03-05
O239,C236,P4,39.01,2025-03-05
O240,C237,P5,110.68,2025-03-05
O241,C238,P1,26.7,2025-03-05
O242,C239,P5,110.92,2025-03-06
O243,C240,P9,21.76,2025-03-06
O244,C241,P7,56.54,2025-03-06
O245,C242,P6,94.31,2025-03-06
O246,C243,P10,52.13,2025-03-06
O247,C244,P1,28.14,2025-03-07
O248,C245,P9,20.33,2025-03-07
O249,C246,P8,57.73,2025-03-07
O250,C247,P6,89.54,2025-03-07
O251,C248,P6,91.8,2025-03-07
O252,C249,P3,39.34,2025-03-08
O253,C250,P11,37.95,2025-03-08
O254,C251,P6,107.71,2025-03-08
O255,C252,P7,53.19,2025-03-08
O256,C253,P7,59.11,2025-03-08
O257,C254,P11,35.12,2025-03-09
O258,C255,P2,117.19,2025-03-09
O259,C256,P9,18.33,2025-03-09
O260,C257,P5,101.58,2025-03-09
O261,C107,P2,109.5,2025-03-09
O262,C258,P1,23.69,2025-03-10
O263,C259,P1,22.84,2025-03-10
O264,C260,P6,99.44,2025-03-10
O265,C261,P5,104.03,2025-03-10
O266,C262,P7,57.24,2025-03-10
O267,C263,P11,35.19,2025-03-10
O268,C264,P9,22.2,2025-03-10
O269,C265,P11,35.93,2025-03-11
O270,C266,P12,69.15,2025-03-11
O271,C267,P5,119.23,2025-03-11
O272,C268,P8,62.86,2025-03-11
O273,C269,P3,32.35,2025-03-11
O274,C270,P9,18.96,2025-03-11
O275,C271,P7,60.83,2025-03-12
O276,C272,P10,64.88,2025-03-12
O277,C273,P10,56.8,2025-03-12
O278,C274,P4,38.6,2025-03-12
O279,C275,P1,24.31,2025-03-12
O280,C276,P4,42.49,2025-03-13
O281,C277,P2,101.58,2025-03-13
O282,C278,P1,22.86,2025-03-13
O283,C279,P1,23.37,2025-03-13
O284,C280,P3,37.01,2025-03-13
O285,C281,P8,53.89,2025-03-13
O286,C282,P7,59.99,2025-03-14
O287,C283,P8,57.15,2025-03-14
O288,C284,P9,20.23,2025-03-14
O289,C285,P5,124.29,2025-03-14
O290,C286,P2,116.26,2025-03-14
O291,C287,P5,98.0,2025-03-15
O292,C288,P3,34.34,2025-03-15
O293,C289,P7,61.9,2025-03-15
O294,C290,P8,60.68,2025-03-15
O295,C291,P12,77.38,2025-03-15
O296,C292,P7,52.54,2025-03-16
O297,C293,P2,116.22,2025-03-16
O298,C294,P12,78.06,2025-03-16
O299,C295,P12,79.24,2025-03-16
O300,C296,P5,109.04,2025-03-16
O301,C297,P5,112.39,2025-03-17
O302,C298,P11,41.52,2025-03-17
O303,C299,P12,75.73,2025-03-17
O304,C300,P5,100.87,2025-03-17
O305,C301,P1,23.62,2025-03-17
O306,C302,P2,109.09,2025-03-18
O307,C303,P9,21.24,2025-03-18
O308,C304,P8,62.69,2025-03-18
O309,C305,P3,32.67,2025-03-18
O310,C306,P4,36.53,2025-03-18
O311,C307,P11,34.38,2025-03-19
O312,C308,P12,80.21,2025-03-19
O313,C309,P3,35.41,2025-03-19
O314,C310,P4,42.84,2025-03-19
O315,C311,P5,99.5,2025-03-19
O316,C312,P5,120.2,2025-03-20
O317,C313,P8,59.23,2025-03-20
O318,C314,P9,20.35,2025-03-20
O319,C315,P1,26.41,2025-03-20
O320,C316,P3,34.85,2025-03-21
O321,C317,P7,55.79,2025-03-21
O322,C318,P11,36.28,2025-03-21
O323,C319,P7,48.71,2025-03-21
O324,C320,P10,52.89,2025-03-21
O325,C321,P2,112.02,2025-03-21
O326,C322,P9,19.77,2025-03-22
O327,C323,P8,56.97,2025-03-22
O328,C324,P9,21.35,2025-03-22
O329,C325,P3,32.81,2025-03-22
O330,C326,P1,26.86,2025-03-22
O331,C327,P11,41.32,2025-03-23
O332,C328,P2,104.05,2025-03-23
O333,C329,P5,115.6,2025-03-23
O334,C330,P6,106.03,2025-03-23
O335,C331,P11,36.03,2025-03-23
O336,C332,P3,38.33,2025-03-23
O337,C176,P6,108.52,2025-03-23
O338,C204,P5,113.29,2025-03-23
O339,C333,P5,117.84,2025-03-24
O340,C334,P2,111.1,2025-03-24
O341,C335,P2,112.01,2025-03-24
O342,C336,P9,22.45,2025-03-24
O343,C337,P9,22.35,2025-03-24
O344,C338,P1,27.6,2025-03-24
O345,C339,P1,23.19,2025-03-25
O346,C340,P2,123.04,2025-03-25
O347,C341,P6,98.82,2025-03-25
O348,C342,P3,37.57,2025-03-25
O349,C343,P2,121.7,2025-03-25
O350,C344,P1,28.39,2025-03-26
O351,C345,P9,22.21,2025-03-26
O352,C346,P11,41.7,2025-03-26
O353,C347,P10,52.99,2025-03-26
O354,C348,P12,70.74,2025-03-26
O355,C349,P1,25.94,2025-03-27
O356,C350,P4,36.5,2025-03-27
O357,C351,P8,61.36,2025-03-27
O358,C352,P3,38.8,2025-03-27
O359,C353,P9,20.26,2025-03-27
O360,C354,P8,63.89,2025-03-28
O361,C355,P4,36.87,2025-03-28
O362,C356,P1,27.28,2025-03-28
O363,C357,P2,102.51,2025-03-28
O364,C81,P7,54.76,2025-03-28
O365,C358,P12,71.76,2025-03-29
O366,C359,P11,40.47,2025-03-29
O367,C360,P10,51.77,2025-03-29
O368,C361,P10,55.95,2025-03-29
O369,C362,P11,39.98,2025-03-29
O370,C363,P11,38.97,2025-03-30
O371,C364,P7,60.54,2025-03-30
O372,C365,P4,38.19,2025-03-30
O373,C366,P8,58.97,2025-03-30
O374,C367,P7,59.23,2025-03-31
O375,C368,P3,34.74,2025-03-31
O376,C369,P5,119.24,2025-03-31
O377,C370,P9,19.52,2025-03-31
O378,C371,P8,64.24,2025-03-31
O379,C372,P1,27.13,2025-04-01
O380,C373,P8,56.03,2025-04-01
O381,C374,P3,35.37,2025-04-01
O382,C375,P4,40.07,2025-04-01
O383,C376,P4,40.73,2025-04-01
O384,C377,P7,59.59,2025-04-01
O385,C378,P4,37.71,2025-04-02
O386,C379,P12,66.51,2025-04-02
O387,C380,P6,108.56,2025-04-02
O388,C381,P4,45.01,2025-04-02
O389,C382,P9,18.99,2025-04-02
O390,C383,P8,60.75,2025-04-02
O391,C384,P7,60.08,2025-04-03
O392,C385,P5,110.59,2025-04-03
O393,C386,P5,105.64,2025-04-03
O394,C387,P9,20.24,2025-04-03
O395,C388,P5,109.12,2025-04-03
O396,C389,P9,22.39,2025-04-04
O397,C390,P10,51.79,2025-04-04
O398,C391,P2,99.4,2025-04-04
O399,C392,P11,41.67,2025-04-04
O400,C393,P3,34.76,2025-04-04
O401,C394,P11,37.11,2025-04-05
O402,C395,P12,71.16,2025-04-05
O403,C396,P8,67.75,2025-04-05
O404,C397,P7,57.47,2025-04-05
O405,C398,P8,66.71,2025-04-06
O406,C399,P11,39.55,2025-04-06
O407,C400,P11,33.95,2025-04-06
O408,C401,P3,36.37,2025-04-06
O409,C402,P10,57.68,2025-04-06
O410,C403,P3,31.57,2025-04-07
O411,C404,P4,38.13,2025-04-07
O412,C405,P11,38.97,2025-04-07
O413,C406,P4,38.69,2025-04-07
O414,C407,P11,38.49,2025-04-07
O415,C11,P10,61.88,2025-04-07
O416,C408,P10,58.49,2025-04-08
O417,C409,P7,61.28,2025-04-08
O418,C410,P4,39.81,2025-04-08
O419,C411,P8,53.94,2025-04-08
O420,C412,P11,37.42,2025-04-08
O421,C413,P8,59.34,2025-04-09
O422,C414,P2,112.35,2025-04-09
O423,C415,P9,18.75,2025-04-09
O424,C416,P8,57.89,2025-04-09
O425,C417,P8,62.75,2025-04-09
O426,C36,P10,58.32,2025-04-09
O427,C418,P5,124.58,2025-04-10
O428,C419,P12,68.87,2025-04-10
O429,C420,P1,26.29,2025-04-10
O430,C421,P7,50.74,2025-04-10
O431,C202,P7,56.04,2025-04-10
O432,C422,P2,117.64,2025-04-11
O433,C423,P2,111.25,2025-04-11
O434,C424,P4,36.35,2025-04-11
O435,C425,P1,22.8,2025-04-11
O436,C426,P2,119.64,2025-04-11
O437,C427,P8,57.07,2025-04-12
O438,C428,P2,100.7,2025-04-12
O439,C429,P5,113.14,2025-04-12
O440,C430,P8,63.33,2025-04-12
O441,C431,P8,66.16,2025-04-12
O442,C432,P4,39.97,2025-04-12
O443,C433,P6,112.25,2025-04-12
O444,C434,P4,40.63,2025-04-13
O445,C435,P9,22.19,2025-04-13
O446,C436,P8,67.3,2025-04-13
O447,C437,P2,114.55,2025-04-13
O448,C438,P2,99.3,2025-04-13
O449,C439,P2,114.64,2025-04-13
O450,C440,P1,23.71,2025-04-13
O451,C441,P1,25.74,2025-04-13
O452,C442,P2,121.51,2025-04-14
O453,C443,P5,125.15,2025-04-14
O454,C444,P4,37.72,2025-04-14
O455,C445,P2,105.32,2025-04-14
O456,C446,P6,94.54,2025-04-14
O457,C447,P3,39.36,2025-04-15
O458,C448,P4,43.4,2025-04-15
O459,C449,P1,25.52,2025-04-15
O460,C450,P6,106.17,2025-04-15
O461,C451,P5,116.42,2025-04-15
O462,C452,P12,75.46,2025-04-15
O463,C453,P5,100.36,2025-04-16
O464,C454,P7,58.83,2025-04-16
O465,C455,P12,65.37,2025-04-16
O466,C456,P11,37.71,2025-04-16
O467,C457,P3,34.26,2025-04-16
O468,C458,P2,121.72,2025-04-16
O469,C459,P3,36.87,2025-04-17
O470,C460,P6,111.26,2025-04-17
O471,C461,P7,58.39,2025-04-17
O472,C462,P4,37.9,2025-04-17
O473,C463,P3,32.75,2025-04-18
O474,C464,P7,55.19,2025-04-18
O475,C465,P3,32.95,2025-04-18
O476,C466,P5,122.58,2025-04-18
O477,C467,P2,117.01,2025-04-18
O478,C468,P7,49.34,2025-04-19
O479,C469,P2,109.71,2025-04-19
O480,C470,P2,112.71,2025-04-19
O481,C471,P6,93.02,2025-04-19
O482,C472,P7,60.51,2025-04-19
O483,C473,P10,51.14,2025-04-19
O484,C474,P2,114.91,2025-04-19
O485,C56,P11,36.0,2025-04-19
O486,C475,P1,22.93,2025-04-20
O487,C476,P1,25.15,2025-04-20
O488,C477,P2,102.38,2025-04-20
O489,C478,P5,100.39,2025-04-20
O490,C101,P12,64.8,2025-04-20
O491,C479,P9,22.45,2025-04-21
O492,C480,P11,42.41,2025-04-21
O493,C481,P5,103.34,2025-04-21
O494,C482,P11,37.82,2025-04-21
O495,C333,P2,107.39,2025-04-21
O496,C483,P7,49.96,2025-04-22
O497,C484,P3,35.69,2025-04-22
O498,C485,P1,25.54,2025-04-22
O499,C486,P1,25.53,2025-04-22
O500,C487,P9,21.3,2025-04-22
O501,C488,P1,23.4,2025-04-22
O502,C489,P8,65.64,2025-04-22
O503,C490,P6,111.02,2025-04-23
O504,C491,P8,65.53,2025-04-23
O505,C492,P3,37.46,2025-04-23
O506,C493,P6,91.99,2025-04-23
O507,C494,P8,62.4,2025-04-23
O508,C495,P4,37.39,2025-04-23
O509,C496,P5,113.84,2025-04-23
O510,C497,P3,31.44,2025-04-24
O511,C498,P6,97.59,2025-04-24
O512,C499,P9,19.14,2025-04-24
O513,C500,P11,34.8,2025-04-24
O514,C501,P3,32.43,2025-04-24
O515,C502,P7,59.09,2025-04-25
O516,C503,P9,19.57,2025-04-25
O517,C504,P6,103.95,2025-04-25
O518,C505,P2,112.21,2025-04-25
O519,C506,P3,38.69,2025-04-25
O520,C507,P8,66.03,2025-04-25
O521,C508,P7,59.26,2025-04-26
O522,C509,P3,33.62,2025-04-26
O523,C510,P5,98.96,2025-04-26
O524,C511,P1,27.82,2025-04-26
O525,C512,P5,98.99,2025-04-26
O526,C513,P2,99.12,2025-04-26
O527,C514,P9,21.48,2025-04-26
O528,C515,P12,75.04,2025-04-26
O529,C291,P12,66.08,2025-04-26
O530,C516,P10,62.93,2025-04-27
O531,C517,P12,78.15,2025-04-27
O532,C518,P12,76.52,2025-04-27
O533,C519,P9,19.26,2025-04-27
O534,C520,P8,59.37,2025-04-27
O535,C521,P10,60.64,2025-04-27
O536,C522,P11,41.84,2025-04-28
O537,C523,P12,80.56,2025-04-28
O538,C524,P6,107.38,2025-04-28
O539,C525,P10,62.05,2025-04-28
O540,C526,P3,37.36,2025-04-28
O541,C527,P8,58.45,2025-04-28
O542,C528,P4,44.83,2025-04-28
O543,C529,P12,66.7,2025-04-29
O544,C530,P4,41.18,2025-04-29
O545,C531,P11,35.01,2025-04-29
O546,C532,P3,39.88,2025-04-29
O547,C533,P7,51.45,2025-04-29
O548,C534,P2,116.25,2025-04-29
O549,C535,P2,121.42,2025-04-29
O550,C267,P7,57.14,2025-04-29
O551,C403,P1,26.64,2025-04-29
O552,C536,P10,63.31,2025-04-30
O553,C537,P1,22.8,2025-04-30
O554,C538,P5,122.23,2025-04-30
O555,C539,P10,63.22,2025-04-30
O556,C540,P5,112.69,2025-04-30
O557,C541,P1,23.98,2025-04-30
O558,C15,P11,41.89,2025-04-30
O559,C542,P11,35.25,2025-05-01
O560,C543,P1,25.41,2025-05-01
O561,C544,P8,65.86,2025-05-01
O562,C545,P5,111.87,2025-05-01
O563,C546,P1,23.55,2025-05-02
O564,C547,P1,28.04,2025-05-02
O565,C548,P3,37.91,2025-05-02
O566,C549,P12,69.12,2025-05-02
O567,C550,P3,39.01,2025-05-02
O568,C551,P5,111.93,2025-05-03
O569,C552,P4,38.68,2025-05-03
O570,C553,P5,107.51,2025-05-03
O571,C554,P10,56.52,2025-05-03
O572,C555,P6,93.6,2025-05-03
O573,C556,P10,53.39,2025-05-03
O574,C557,P11,42.01,2025-05-03
O575,C558,P2,102.88,2025-05-03
O576,C49,P2,104.66,2025-05-03
O577,C559,P3,34.37,2025-05-04
O578,C560,P9,22.84,2025-05-04
O579,C561,P4,39.28,2025-05-04
O580,C562,P11,38.2,2025-05-04
O581,C563,P12,72.04,2025-05-04
O582,C121,P6,109.84,2025-05-04
O583,C564,P4,43.44,2025-05-05
O584,C565,P12,75.96,2025-05-05
O585,C566,P1,24.16,2025-05-05
O586,C567,P10,59.29,2025-05-05
O587,C568,P7,59.15,2025-05-05
O588,C569,P5,109.53,2025-05-05
O589,C570,P12,73.39,2025-05-05
O590,C571,P7,53.82,2025-05-06
O591,C572,P11,34.05,2025-05-06
O592,C573,P5,123.58,2025-05-06
O593,C574,P8,57.63,2025-05-06
O594,C575,P11,34.81,2025-05-06
O595,C576,P2,123.0,2025-05-06
O596,C577,P10,51.97,2025-05-06
O597,C578,P11,37.3,2025-05-07
O598,C579,P9,23.03,2025-05-07
O599,C580,P12,65.66,2025-05-07
O600,C581,P10,62.8,2025-05-07
O601,C582,P6,92.35,2025-05-07
O602,C583,P2,112.15,2025-05-07
O603,C584,P7,51.61,2025-05-07
O604,C585,P6,100.99,2025-05-08
O605,C586,P10,61.6,2025-05-08
O606,C587,P3,37.75,2025-05-08
O607,C588,P3,34.57,2025-05-08
O608,C589,P10,64.7,2025-05-08
O609,C590,P11,38.1,2025-05-08
O610,C591,P3,33.35,2025-05-09
O611,C592,P8,60.91,2025-05-09
O612,C593,P10,53.27,2025-05-09
O613,C594,P8,59.67,2025-05-09
O614,C595,P5,105.89,2025-05-09
O615,C596,P1,24.36,2025-05-09
O616,C597,P1,27.93,2025-05-09
O617,C598,P11,39.12,2025-05-09
O618,C599,P7,54.31,2025-05-10
O619,C600,P2,124.46,2025-05-10
O620,C601,P9,23.3,2025-05-10
O621,C602,P8,55.43,2025-05-10
O622,C603,P9,21.15,2025-05-10
O623,C604,P1,28.4,2025-05-10
O624,C605,P11,37.83,2025-05-10
O625,C606,P4,41.82,2025-05-11
O626,C607,P12,72.18,2025-05-11
O627,C608,P12,78.7,2025-05-11
O628,C609,P10,52.54,2025-05-11
O629,C610,P3,38.66,2025-05-11
O630,C611,P6,104.62,2025-05-11
O631,C612,P11,39.17,2025-05-11
O632,C468,P4,40.07,2025-05-11
O633,C613,P2,125.84,2025-05-12
O634,C614,P10,58.28,2025-05-12
O635,C615,P12,70.17,2025-05-12
O636,C616,P12,81.67,2025-05-12
O637,C617,P11,36.74,2025-05-12
O638,C618,P2,124.68,2025-05-12
O639,C619,P6,112.34,2025-05-13
O640,C620,P6,104.53,2025-05-13
O641,C621,P5,123.94,2025-05-13
O642,C622,P12,72.88,2025-05-13
O643,C623,P7,56.24,2025-05-13
O644,C624,P7,49.3,2025-05-14
O645,C625,P9,19.91,2025-05-14
O646,C626,P5,99.51,2025-05-14
O647,C627,P7,56.62,2025-05-14
O648,C628,P3,39.0,2025-05-14
O649,C629,P9,20.99,2025-05-15
O650,C630,P9,21.38,2025-05-15
O651,C631,P9,18.95,2025-05-15
O652,C632,P3,34.52,2025-05-15
O653,C633,P2,110.6,2025-05-15
O654,C276,P3,31.5,2025-05-15
O655,C634,P9,22.47,2025-05-16
O656,C635,P7,59.36,2025-05-16
O657,C636,P3,38.0,2025-05-16
O658,C637,P8,60.87,2025-05-16
O659,C638,P7,55.42,2025-05-16
O660,C639,P2,106.64,2025-05-16
O661,C640,P12,72.41,2025-05-16
O662,C641,P4,36.96,2025-05-17
O663,C642,P3,36.77,2025-05-17
O664,C643,P9,19.25,2025-05-17
O665,C644,P11,39.62,2025-05-17
O666,C645,P12,72.43,2025-05-17
O667,C646,P9,18.54,2025-05-17
O668,C647,P6,101.78,2025-05-17
O669,C42,P3,35.85,2025-05-17
O670,C209,P12,74.7,2025-05-17
O671,C648,P3,40.08,2025-05-18
O672,C649,P11,42.39,2025-05-18
O673,C650,P10,57.53,2025-05-18
O674,C651,P9,22.52,2025-05-18
O675,C652,P11,41.75,2025-05-18
O676,C653,P5,103.91,2025-05-18
O677,C654,P4,40.23,2025-05-18
O678,C655,P10,60.66,2025-05-19
O679,C656,P12,73.45,2025-05-19
O680,C657,P2,117.81,2025-05-19
O681,C658,P12,78.97,2025-05-19
O682,C659,P6,105.21,2025-05-19
O683,C660,P7,57.17,2025-05-19
O684,C661,P3,37.91,2025-05-20
O685,C662,P2,99.67,2025-05-20
O686,C663,P8,60.88,2025-05-20
O687,C664,P7,55.52,2025-05-20
O688,C665,P1,24.17,2025-05-20
O689,C666,P4,39.33,2025-05-20
O690,C667,P6,94.03,2025-05-21
O691,C668,P11,42.31,2025-05-21
O692,C669,P4,44.41,2025-05-21
O693,C670,P6,91.37,2025-05-21
O694,C671,P8,53.39,2025-05-21
O695,C672,P1,26.71,2025-05-21
O696,C673,P10,56.54,2025-05-21
O697,C674,P2,100.28,2025-05-22
O698,C675,P10,62.77,2025-05-22
O699,C676,P6,100.06,2025-05-22
O700,C677,P3,36.62,2025-05-22
O701,C678,P7,49.77,2025-05-22
O702,C679,P11,41.13,2025-05-22
O703,C680,P1,26.83,2025-05-22
O704,C681,P10,60.18,2025-05-22
O705,C682,P6,91.68,2025-05-23
O706,C683,P12,72.94,2025-05-23
O707,C684,P5,100.19,2025-05-23
O708,C685,P2,113.6,2025-05-23
O709,C686,P1,28.26,2025-05-23
O710,C687,P12,68.87,2025-05-24
O711,C688,P11,41.29,2025-05-24
O712,C689,P4,36.16,2025-05-24
O713,C690,P10,51.58,2025-05-24
O714,C691,P12,68.27,2025-05-24
O715,C428,P1,25.48,2025-05-24
O716,C692,P4,41.78,2025-05-25
O717,C693,P10,61.74,2025-05-25
O718,C694,P3,35.06,2025-05-25
O719,C695,P8,62.19,2025-05-25
O720,C696,P7,62.06,2025-05-25
O721,C697,P6,90.43,2025-05-25
O722,C698,P9,20.81,2025-05-25
O723,C699,P2,100.73,2025-05-25
O724,C323,P5,123.91,2025-05-25
O725,C700,P9,20.23,2025-05-26
O726,C701,P9,22.23,2025-05-26
O727,C702,P4,39.53,2025-05-26
O728,C703,P11,36.66,2025-05-26
O729,C704,P9,21.69,2025-05-26
O730,C705,P6,94.18,2025-05-26
O731,C706,P5,101.5,2025-05-26
O732,C707,P8,64.73,2025-05-27
O733,C708,P9,23.21,2025-05-27
O734,C709,P1,26.15,2025-05-27
O735,C710,P12,65.19,2025-05-27
O736,C711,P6,111.08,2025-05-27
O737,C712,P7,52.42,2025-05-27
O738,C713,P8,63.01,2025-05-27
O739,C714,P12,72.82,2025-05-28
O740,C715,P7,50.01,2025-05-28
O741,C716,P2,124.36,2025-05-28
O742,C717,P8,59.13,2025-05-28
O743,C718,P8,54.46,2025-05-28
O744,C719,P2,110.15,2025-05-28
O745,C720,P6,107.58,2025-05-28
O746,C721,P4,40.94,2025-05-29
O747,C722,P12,70.27,2025-05-29
O748,C723,P4,37.96,2025-05-29
O749,C724,P3,36.28,2025-05-29
O750,C725,P3,36.2,2025-05-29
O751,C726,P10,55.95,2025-05-29
O752,C727,P8,65.07,2025-05-29
O753,C728,P1,27.54,2025-05-30
O754,C729,P10,63.37,2025-05-30
O755,C730,P5,110.03,2025-05-30
O756,C731,P1,26.9,2025-05-30
O757,C732,P6,97.64,2025-05-30
O758,C733,P6,105.18,2025-05-30
O759,C734,P6,89.34,2025-05-30
O760,C735,P3,34.78,2025-05-30
O761,C736,P12,82.54,2025-05-31
O762,C737,P12,81.0,2025-05-31
O763,C738,P4,37.11,2025-05-31
O764,C739,P10,63.56,2025-05-31
O765,C740,P12,74.32,2025-05-31
O766,C741,P2,118.03,2025-05-31
O767,C742,P11,40.48,2025-05-31
O768,C743,P3,37.27,2025-05-31
O769,C744,P3,36.64,2025-05-31
O770,C745,P2,124.62,2025-06-01
O771,C746,P2,112.64,2025-06-01
O772,C747,P2,102.12,2025-06-01
O773,C748,P8,60.61,2025-06-01
O774,C749,P12,67.44,2025-06-01
O775,C750,P5,109.17,2025-06-01
O776,C751,P1,23.2,2025-06-01
O777,C752,P4,36.54,2025-06-01
O778,C753,P3,33.78,2025-06-02
O779,C754,P7,51.21,2025-06-02
O780,C755,P8,57.8,2025-06-02
O781,C756,P3,35.36,2025-06-02
O782,C757,P4,42.31,2025-06-02
O783,C758,P6,97.96,2025-06-02
O784,C759,P11,38.09,2025-06-02
O785,C760,P10,54.02,2025-06-02
O786,C761,P8,57.95,2025-06-03
O787,C762,P7,59.91,2025-06-03
O788,C763,P10,57.78,2025-06-03
O789,C764,P2,100.78,2025-06-03
O790,C765,P3,35.4,2025-06-03
O791,C766,P4,41.85,2025-06-03
O792,C767,P9,18.4,2025-06-03
O793,C768,P1,24.87,2025-06-03
O794,C769,P2,119.38,2025-06-04
O795,C770,P8,66.25,2025-06-04
O796,C771,P6,99.38,2025-06-04
O797,C772,P8,58.53,2025-06-04
O798,C773,P4,45.1,2025-06-04
O799,C774,P5,116.73,2025-06-04
O800,C775,P4,37.35,2025-06-05
O801,C776,P12,82.59,2025-06-05
O802,C777,P1,23.79,2025-06-05
O803,C778,P2,121.44,2025-06-05
O804,C779,P7,51.67,2025-06-05
O805,C780,P7,49.03,2025-06-05
O806,C781,P3,35.22,2025-06-05
O807,C782,P1,27.66,2025-06-06
O808,C783,P1,25.63,2025-06-06
O809,C784,P11,34.25,2025-06-06
O810,C785,P7,60.31,2025-06-06
O811,C786,P5,101.7,2025-06-07
O812,C787,P7,56.45,2025-06-07
O813,C788,P10,60.75,2025-06-07
O814,C789,P1,28.28,2025-06-07
O815,C790,P3,33.29,2025-06-07
O816,C791,P3,34.33,2025-06-07
O817,C792,P11,41.68,2025-06-07
O818,C793,P7,51.88,2025-06-08
O819,C794,P12,67.17,2025-06-08
O820,C795,P12,82.17,2025-06-08
O821,C796,P6,112.34,2025-06-08
O822,C797,P8,65.33,2025-06-08
O823,C798,P4,40.62,2025-06-08
O824,C799,P5,111.22,2025-06-08
O825,C800,P3,37.53,2025-06-09
O826,C801,P2,122.86,2025-06-09
O827,C802,P1,23.65,2025-06-09
O828,C803,P4,40.35,2025-06-09
O829,C804,P1,27.49,2025-06-09
O830,C805,P10,55.22,2025-06-09
O831,C806,P10,54.71,2025-06-09
O832,C807,P9,21.8,2025-06-10
O833,C808,P12,71.46,2025-06-10
O834,C809,P8,55.13,2025-06-10
O835,C810,P11,40.55,2025-06-10
O836,C811,P1,23.37,2025-06-10
O837,C812,P5,113.49,2025-06-10
O838,C813,P12,73.85,2025-06-10
O839,C814,P2,112.42,2025-06-10
O840,C472,P9,21.87,2025-06-10
O841,C815,P12,71.79,2025-06-11
O842,C816,P10,57.52,2025-06-11
O843,C817,P5,106.52,2025-06-11
O844,C818,P2,113.13,2025-06-11
O845,C819,P10,57.12,2025-06-11
O846,C820,P10,55.64,2025-06-11
O847,C412,P12,66.27,2025-06-11
O848,C821,P2,112.97,2025-06-12
O849,C822,P12,82.5,2025-06-12
O850,C823,P8,66.37,2025-06-12
O851,C824,P2,112.53,2025-06-12
O852,C825,P4,44.39,2025-06-12
O853,C826,P10,62.92,2025-06-12
O854,C827,P12,73.21,2025-06-13
O855,C828,P7,55.57,2025-06-13
O856,C829,P11,40.27,2025-06-13
O857,C830,P8,57.03,2025-06-13
O858,C831,P11,36.67,2025-06-13
O859,C832,P12,73.51,2025-06-13
O860,C833,P6,106.86,2025-06-13
O861,C834,P6,97.83,2025-06-13
O862,C633,P12,75.43,2025-06-13
O863,C835,P9,21.36,2025-06-14
O864,C836,P10,53.82,2025-06-14
O865,C837,P1,26.36,2025-06-14
O866,C838,P11,41.23,2025-06-14
O867,C839,P8,54.27,2025-06-14
O868,C840,P2,122.66,2025-06-14
O869,C841,P4,42.93,2025-06-14
O870,C842,P10,52.99,2025-06-14
O871,C843,P12,80.95,2025-06-14
O872,C844,P1,25.03,2025-06-14
O873,C845,P6,98.55,2025-06-15
O874,C846,P11,41.6,2025-06-15
O875,C847,P4,38.91,2025-06-15
O876,C848,P6,92.36,2025-06-15
O877,C849,P8,59.66,2025-06-15
O878,C850,P10,58.43,2025-06-15
O879,C851,P6,107.56,2025-06-15
O880,C852,P11,37.86,2025-06-15
O881,C853,P5,103.97,2025-06-16
O882,C854,P5,124.61,2025-06-16
O883,C855,P4,45.32,2025-06-16
O884,C856,P5,100.21,2025-06-16
O885,C857,P3,37.63,2025-06-16
O886,C858,P2,116.57,2025-06-16
O887,C859,P9,22.87,2025-06-16
O888,C860,P8,65.83,2025-06-17
O889,C861,P9,20.94,2025-06-17
O890,C862,P9,18.97,2025-06-17
O891,C863,P6,90.04,2025-06-17
O892,C864,P10,60.53,2025-06-17
O893,C865,P10,63.08,2025-06-17
O894,C866,P3,32.9,2025-06-17
O895,C867,P11,40.37,2025-06-18
O896,C868,P6,96.22,2025-06-18
O897,C869,P3,39.32,2025-06-18
O898,C870,P8,63.49,2025-06-18
O899,C871,P2,105.85,2025-06-18
O900,C872,P1,27.09,2025-06-18
O901,C274,P5,124.66,2025-06-18
O902,C873,P11,36.24,2025-06-19
O903,C874,P6,111.9,2025-06-19
O904,C875,P7,52.87,2025-06-19
O905,C876,P5,124.67,2025-06-19
O906,C877,P9,19.97,2025-06-19
O907,C878,P11,39.58,2025-06-19
O908,C879,P2,108.89,2025-06-19
O909,C880,P11,38.36,2025-06-20
O910,C881,P11,41.58,2025-06-20
O911,C882,P3,32.26,2025-06-20
O912,C883,P10,65.05,2025-06-20
O913,C884,P7,60.34,2025-06-20
O914,C885,P9,21.74,2025-06-20
O915,C886,P1,26.07,2025-06-20
O916,C887,P5,106.97,2025-06-20
O917,C888,P7,54.96,2025-06-21
O918,C889,P3,33.73,2025-06-21
O919,C890,P12,81.73,2025-06-21
O920,C891,P7,52.38,2025-06-21
O921,C892,P6,94.55,2025-06-21
O922,C893,P6,93.64,2025-06-21
O923,C894,P6,95.35,2025-06-21
O924,C714,P9,18.43,2025-06-21
O925,C895,P9,20.84,2025-06-22
O926,C896,P2,122.13,2025-06-22
O927,C897,P3,40.03,2025-06-22
O928,C898,P11,41.23,2025-06-22
O929,C899,P9,21.48,2025-06-22
O930,C900,P4,43.71,2025-06-22
O931,C901,P7,57.59,2025-06-22
O932,C392,P4,44.9,2025-06-22
O933,C902,P6,112.24,2025-06-23
O934,C903,P6,99.38,2025-06-23
O935,C904,P2,125.72,2025-06-23
O936,C905,P11,37.63,2025-06-23
O937,C906,P8,66.03,2025-06-23
O938,C907,P10,60.82,2025-06-23
O939,C908,P6,112.07,2025-06-23
O940,C188,P10,55.6,2025-06-23
O941,C331,P7,53.63,2025-06-23
O942,C909,P10,51.58,2025-06-24
O943,C910,P4,44.11,2025-06-24
O944,C911,P3,38.16,2025-06-24
O945,C912,P2,108.09,2025-06-24
O946,C913,P4,45.06,2025-06-24
O947,C914,P8,59.25,2025-06-24
O948,C915,P6,109.45,2025-06-24
O949,C916,P6,96.67,2025-06-24
O950,C917,P4,37.78,2025-06-24
O951,C184,P8,54.72,2025-06-24
O952,C266,P7,60.07,2025-06-24
O953,C918,P2,111.27,2025-06-25
O954,C919,P12,82.13,2025-06-25
O955,C920,P10,63.89,2025-06-25
O956,C921,P4,36.03,2025-06-25
O957,C922,P3,40.08,2025-06-25
O958,C923,P6,103.42,2025-06-25
O959,C924,P5,113.46,2025-06-25
O960,C925,P2,103.76,2025-06-25
O961,C926,P2,101.93,2025-06-26
O962,C927,P12,69.98,2025-06-26
O963,C928,P6,100.22,2025-06-26
O964,C929,P3,37.48,2025-06-26
O965,C930,P2,109.74,2025-06-26
O966,C931,P2,118.14,2025-06-27
O967,C932,P3,37.84,2025-06-27
O968,C933,P11,34.87,2025-06-27
O969,C934,P6,95.97,2025-06-27
O970,C935,P7,56.49,2025-06-27
O971,C936,P1,24.69,2025-06-27
O972,C937,P1,28.72,2025-06-27
O973,C938,P3,33.16,2025-06-27
O974,C939,P4,39.98,2025-06-28
O975,C940,P3,35.47,2025-06-28
O976,C941,P11,39.8,2025-06-28
O977,C942,P5,103.14,2025-06-28
O978,C943,P7,50.29,2025-06-28
O979,C944,P4,37.7,2025-06-28
O980,C945,P5,103.84,2025-06-28
O981,C462,P2,99.4,2025-06-28
O982,C946,P6,108.33,2025-06-29
O983,C947,P7,55.91,2025-06-29
O984,C948,P10,60.09,2025-06-29
O985,C949,P6,99.65,2025-06-29
O986,C950,P5,124.9,2025-06-29
O987,C951,P3,38.05,2025-06-29
O988,C952,P3,32.13,2025-06-29
O989,C953,P8,53.96,2025-06-29
O990,C954,P8,62.96,2025-06-30
O991,C955,P10,64.13,2025-06-30
O992,C956,P8,55.63,2025-06-30
O993,C957,P3,35.62,2025-06-30
O994,C958,P9,20.83,2025-06-30
O995,C959,P12,66.31,2025-06-30
O996,C960,P9,22.88,2025-06-30
O997,C961,P3,36.12,2025-07-01
O998,C962,P10,58.17,2025-07-01
O999,C963,P6,107.11,2025-07-01
O1000,C964,P12,79.81,2025-07-01
O1001,C965,P7,58.4,2025-07-01
O1002,C966,P9,22.54,2025-07-01
O1003,C967,P10,64.75,2025-07-01
O1004,C968,P11,38.48,2025-07-02
O1005,C969,P3,32.26,2025-07-02
O1006,C970,P6,102.51,2025-07-02
O1007,C971,P7,60.92,2025-07-02
O1008,C972,P2,106.25,2025-07-02
O1009,C973,P5,119.71,2025-07-02
O1010,C528,P7,51.22,2025-07-02
O1011,C974,P5,122.65,2025-07-03
O1012,C975,P2,110.88,2025-07-03
O1013,C976,P12,76.66,2025-07-03
O1014,C977,P12,72.06,2025-07-03
O1015,C978,P5,108.35,2025-07-03
O1016,C979,P4,35.77,2025-07-03
O1017,C980,P6,103.77,2025-07-03
O1018,C771,P10,57.75,2025-07-03
O1019,C981,P3,36.37,2025-07-04
O1020,C982,P3,34.02,2025-07-04
O1021,C983,P2,102.91,2025-07-04
O1022,C984,P4,43.37,2025-07-04
O1023,C985,P3,35.28,2025-07-04
O1024,C986,P3,34.46,2025-07-04
O1025,C987,P9,18.65,2025-07-04
O1026,C988,P6,104.21,2025-07-05
O1027,C989,P7,52.82,2025-07-05
O1028,C990,P7,58.79,2025-07-05
O1029,C991,P12,70.11,2025-07-05
O1030,C992,P1,23.54,2025-07-05
O1031,C993,P12,81.18,2025-07-05
O1032,C994,P9,19.7,2025-07-05
O1033,C995,P2,113.33,2025-07-05
O1034,C996,P9,23.36,2025-07-06
O1035,C997,P7,56.64,2025-07-06
O1036,C998,P3,33.63,2025-07-06
O1037,C999,P7,56.18,2025-07-06
O1038,C1000,P1,27.45,2025-07-06
O1039,C1001,P2,121.78,2025-07-06
O1040,C1002,P7,52.87,2025-07-06
O1041,C133,P12,67.08,2025-07-06
O1042,C552,P5,100.46,2025-07-06
O1043,C1003,P8,65.12,2025-07-07
O1044,C1004,P8,53.31,2025-07-07
O1045,C1005,P1,22.92,2025-07-07
O1046,C1006,P5,109.97,2025-07-07
O1047,C1007,P7,53.24,2025-07-07
O1048,C1008,P1,24.2,2025-07-07
O1049,C1009,P2,119.06,2025-07-07
O1050,C1010,P4,45.3,2025-07-08
O1051,C1011,P9,21.91,2025-07-08
O1052,C1012,P8,54.6,2025-07-08
O1053,C1013,P11,38.51,2025-07-08
O1054,C1014,P9,20.94,2025-07-08
O1055,C1015,P9,19.97,2025-07-09
O1056,C1016,P6,91.68,2025-07-09
O1057,C1017,P5,121.37,2025-07-09
O1058,C1018,P4,40.99,2025-07-09
O1059,C1019,P12,65.27,2025-07-09
O1060,C1020,P11,38.39,2025-07-09
O1061,C1021,P4,36.0,2025-07-09
O1062,C1022,P8,54.32,2025-07-09
O1063,C1023,P7,56.26,2025-07-09
O1064,C1024,P11,36.89,2025-07-09
O1065,C1025,P8,65.99,2025-07-10
O1066,C1026,P3,35.34,2025-07-10
O1067,C1027,P4,37.48,2025-07-10
O1068,C1028,P10,51.24,2025-07-10
O1069,C1029,P6,92.76,2025-07-10
O1070,C1030,P11,41.48,2025-07-10
O1071,C1031,P6,107.34,2025-07-10
O1072,C300,P10,62.27,2025-07-10
O1073,C1032,P3,37.6,2025-07-11
O1074,C1033,P9,22.11,2025-07-11
O1075,C1034,P7,56.25,2025-07-11
O1076,C1035,P12,80.23,2025-07-11
O1077,C1036,P11,36.29,2025-07-11
O1078,C1037,P3,37.05,2025-07-11
O1079,C1038,P4,37.07,2025-07-11
O1080,C396,P5,110.28,2025-07-11
O1081,C1039,P7,55.24,2025-07-12
O1082,C1040,P12,71.96,2025-07-12
O1083,C1041,P1,26.39,2025-07-12
O1084,C1042,P3,35.82,2025-07-12
O1085,C1043,P2,99.65,2025-07-12
O1086,C1044,P4,37.91,2025-07-12
O1087,C1045,P12,71.8,2025-07-12
O1088,C1046,P6,99.29,2025-07-12
O1089,C1047,P7,55.15,2025-07-12
O1090,C1048,P11,42.18,2025-07-13
O1091,C1049,P2,101.71,2025-07-13
O1092,C1050,P2,112.51,2025-07-13
O1093,C1051,P5,103.66,2025-07-13
O1094,C1052,P5,108.94,2025-07-13
O1095,C1053,P10,56.7,2025-07-13
O1096,C1054,P10,61.57,2025-07-13
O1097,C215,P12,68.9,2025-07-13
O1098,C1055,P3,37.42,2025-07-14
O1099,C1056,P4,35.65,2025-07-14
O1100,C1057,P7,61.25,2025-07-14
O1101,C1058,P7,52.18,2025-07-14
O1102,C1059,P1,25.01,2025-07-14
O1103,C1060,P4,43.93,2025-07-14
O1104,C1061,P5,105.93,2025-07-14
O1105,C1062,P6,106.57,2025-07-15
O1106,C1063,P5,99.77,2025-07-15
O1107,C1064,P1,27.51,2025-07-15
O1108,C1065,P1,26.58,2025-07-15
O1109,C1066,P3,31.52,2025-07-15
O1110,C1067,P11,36.98,2025-07-15
O1111,C1068,P5,107.89,2025-07-15
O1112,C1069,P11,40.51,2025-07-16
O1113,C1070,P8,64.41,2025-07-16
O1114,C1071,P8,63.58,2025-07-16
O1115,C1072,P5,98.63,2025-07-16
O1116,C1073,P6,91.78,2025-07-16
O1117,C1074,P2,104.16,2025-07-16
O1118,C1075,P10,62.41,2025-07-16
O1119,C1076,P4,44.42,2025-07-16
O1120,C1077,P3,34.94,2025-07-17
O1121,C1078,P11,41.58,2025-07-17
O1122,C1079,P7,60.57,2025-07-17
O1123,C1080,P10,51.6,2025-07-17
O1124,C1081,P11,37.61,2025-07-17
O1125,C1082,P10,63.2,2025-07-17
O1126,C1083,P5,124.44,2025-07-17
O1127,C894,P11,39.74,2025-07-17
O1128,C1084,P10,54.44,2025-07-18
O1129,C1085,P7,54.18,2025-07-18
O1130,C1086,P7,52.72,2025-07-18
O1131,C1087,P7,60.05,2025-07-18
O1132,C1088,P2,112.56,2025-07-18
O1133,C1089,P12,80.67,2025-07-18
O1134,C1090,P3,37.63,2025-07-18
O1135,C1091,P7,56.89,2025-07-18
O1136,C773,P10,54.81,2025-07-18
O1137,C1092,P9,22.16,2025-07-19
O1138,C1093,P6,99.1,2025-07-19
O1139,C1094,P3,34.5,2025-07-19
O1140,C1095,P6,92.85,2025-07-19
O1141,C1096,P1,24.16,2025-07-19
O1142,C1097,P8,64.67,2025-07-19
O1143,C1098,P11,33.84,2025-07-19
O1144,C503,P1,25.31,2025-07-19
O1145,C1099,P11,38.71,2025-07-20
O1146,C1100,P11,39.49,2025-07-20
O1147,C1101,P10,62.46,2025-07-20
O1148,C1102,P3,39.01,2025-07-20
O1149,C1103,P2,124.65,2025-07-20
O1150,C1104,P7,51.37,2025-07-20
O1151,C1105,P11,37.02,2025-07-20
O1152,C1106,P3,38.8,2025-07-20
O1153,C1107,P10,62.91,2025-07-21
O1154,C1108,P9,19.32,2025-07-21
O1155,C1109,P9,21.34,2025-07-21
O1156,C1110,P7,50.34,2025-07-21
O1157,C1111,P12,72.8,2025-07-21
O1158,C1112,P10,62.19,2025-07-21
O1159,C1113,P3,38.64,2025-07-21
O1160,C1114,P2,116.09,2025-07-21
O1161,C1115,P9,19.24,2025-07-21
O1162,C557,P1,25.92,2025-07-21
O1163,C1116,P11,42.41,2025-07-22
O1164,C1117,P8,60.15,2025-07-22
O1165,C1118,P1,28.09,2025-07-22
O1166,C1119,P2,107.08,2025-07-22
O1167,C1120,P12,80.3,2025-07-22
O1168,C1121,P6,89.99,2025-07-22
O1169,C1122,P3,33.18,2025-07-22
O1170,C1123,P7,48.71,2025-07-22
O1171,C1124,P7,57.76,2025-07-22
O1172,C695,P3,33.9,2025-07-22
O1173,C1125,P3,35.91,2025-07-23
O1174,C1126,P12,70.79,2025-07-23
O1175,C1127,P8,60.69,2025-07-23
O1176,C1128,P7,51.94,2025-07-23
O1177,C1129,P6,110.9,2025-07-23
O1178,C1130,P1,28.14,2025-07-23
O1179,C1131,P8,58.35,2025-07-23
O1180,C1132,P5,118.06,2025-07-24
O1181,C1133,P7,51.36,2025-07-24
O1182,C1134,P9,21.05,2025-07-24
O1183,C1135,P3,38.16,2025-07-24
O1184,C1136,P3,36.77,2025-07-24
O1185,C1137,P12,75.99,2025-07-24
O1186,C1138,P1,27.75,2025-07-24
O1187,C616,P3,39.74,2025-07-24
O1188,C768,P1,27.41,2025-07-24
O1189,C1139,P11,34.92,2025-07-25
O1190,C1140,P11,41.33,2025-07-25
O1191,C1141,P8,66.04,2025-07-25
O1192,C1142,P2,105.32,2025-07-25
O1193,C1143,P1,28.24,2025-07-25
O1194,C1144,P4,41.66,2025-07-25
O1195,C1145,P4,44.81,2025-07-25
O1196,C1146,P6,99.04,2025-07-25
O1197,C1147,P10,53.55,2025-07-26
O1198,C1148,P8,54.78,2025-07-26
O1199,C1149,P6,96.19,2025-07-26
O1200,C1150,P2,122.93,2025-07-26
O1201,C1151,P1,24.22,2025-07-26
O1202,C1152,P8,54.49,2025-07-26
O1203,C1153,P9,20.63,2025-07-26
O1204,C1154,P10,61.52,2025-07-26
O1205,C1155,P7,57.78,2025-07-27
O1206,C1156,P10,53.12,2025-07-27
O1207,C1157,P1,27.55,2025-07-27
O1208,C1158,P10,58.64,2025-07-27
O1209,C1159,P12,80.72,2025-07-27
O1210,C1160,P12,65.98,2025-07-27
O1211,C1161,P8,67.19,2025-07-27
O1212,C1162,P10,58.79,2025-07-27
O1213,C328,P11,39.53,2025-07-27
O1214,C1163,P1,27.35,2025-07-28
O1215,C1164,P6,99.09,2025-07-28
O1216,C1165,P10,62.03,2025-07-28
O1217,C1166,P8,56.19,2025-07-28
O1218,C1167,P3,36.26,2025-07-28
O1219,C1168,P5,103.54,2025-07-28
O1220,C1169,P4,36.83,2025-07-28
O1221,C1170,P6,105.16,2025-07-28
O1222,C294,P6,110.06,2025-07-28
O1223,C303,P10,62.18,2025-07-28
O1224,C478,P11,37.11,2025-07-28
O1225,C1171,P2,100.56,2025-07-29
O1226,C1172,P12,68.31,2025-07-29
O1227,C1173,P7,56.21,2025-07-29
O1228,C1174,P3,37.1,2025-07-29
O1229,C1175,P8,61.26,2025-07-29
O1230,C1176,P8,55.7,2025-07-29
O1231,C1177,P11,36.32,2025-07-29
O1232,C1178,P10,52.86,2025-07-30
O1233,C1179,P2,122.99,2025-07-30
O1234,C1180,P6,98.04,2025-07-30
O1235,C1181,P1,26.8,2025-07-30
O1236,C1182,P10,57.3,2025-07-30
O1237,C1183,P2,122.88,2025-07-30
O1238,C1184,P3,36.55,2025-07-30
O1239,C1185,P2,101.78,2025-07-30
O1240,C1186,P6,111.37,2025-07-30
O1241,C1187,P4,41.4,2025-07-31
O1242,C1188,P6,107.33,2025-07-31
O1243,C1189,P8,67.11,2025-07-31
O1244,C1190,P9,19.23,2025-07-31
O1245,C1191,P10,59.11,2025-07-31
O1246,C1192,P8,58.3,2025-07-31
O1247,C1193,P9,23.23,2025-07-31
O1248,C1194,P3,37.26,2025-07-31
O1249,C733,P5,115.5,2025-07-31
O1250,C1195,P3,31.58,2025-08-01
O1251,C1196,P4,38.71,2025-08-01
O1252,C1197,P11,39.56,2025-08-01
O1253,C1198,P3,35.72,2025-08-01
O1254,C1199,P8,62.37,2025-08-01
O1255,C1200,P6,91.32,2025-08-01
O1256,C1201,P1,27.51,2025-08-01
O1257,C1202,P8,66.72,2025-08-01
O1258,C837,P9,20.9,2025-08-01
O1259,C1203,P9,23.19,2025-08-02
O1260,C1204,P12,64.76,2025-08-02
O1261,C1205,P12,69.83,2025-08-02
O1262,C1206,P8,60.71,2025-08-02
O1263,C1207,P10,63.92,2025-08-02
O1264,C1208,P5,101.91,2025-08-02
O1265,C1209,P6,94.72,2025-08-02
O1266,C1210,P11,38.72,2025-08-02
O1267,C1211,P4,43.32,2025-08-02
O1268,C1212,P6,101.91,2025-08-02
O1269,C1213,P7,56.07,2025-08-03
O1270,C1214,P11,39.23,2025-08-03
O1271,C1215,P5,122.47,2025-08-03
O1272,C1216,P1,26.38,2025-08-03
O1273,C1217,P1,27.36,2025-08-03
O1274,C1218,P2,107.62,2025-08-03
O1275,C1219,P6,107.98,2025-08-03
O1276,C1220,P10,60.58,2025-08-04
O1277,C1221,P1,24.95,2025-08-04
O1278,C1222,P11,41.6,2025-08-04
O1279,C1223,P9,20.89,2025-08-04
O1280,C1224,P2,111.31,2025-08-04
O1281,C1225,P11,37.64,2025-08-04
O1282,C1226,P7,61.43,2025-08-04
O1283,C1227,P1,28.32,2025-08-04
O1284,C1228,P5,110.93,2025-08-04
O1285,C394,P6,101.64,2025-08-04
O1286,C1229,P1,24.55,2025-08-05
O1287,C1230,P5,114.61,2025-08-05
O1288,C1231,P9,19.58,2025-08-05
O1289,C1232,P1,24.54,2025-08-05
O1290,C1233,P8,60.93,2025-08-05
O1291,C1234,P8,66.92,2025-08-05
O1292,C1235,P8,57.5,2025-08-05
O1293,C1236,P2,99.68,2025-08-05
O1294,C1237,P10,63.11,2025-08-05
O1295,C1238,P3,38.66,2025-08-05
O1296,C1239,P3,39.6,2025-08-06
O1297,C1240,P3,34.93,2025-08-06
O1298,C1241,P7,60.28,2025-08-06
O1299,C1242,P4,36.86,2025-08-06
O1300,C1243,P3,37.68,2025-08-06
O1301,C1244,P9,18.5,2025-08-06
O1302,C1245,P8,61.91,2025-08-06
O1303,C1246,P7,56.59,2025-08-06
O1304,C1247,P1,26.31,2025-08-06
O1305,C727,P5,113.53,2025-08-06
O1306,C758,P8,55.28,2025-08-06
O1307,C1248,P2,113.47,2025-08-07
O1308,C1249,P5,104.13,2025-08-07
O1309,C1250,P11,37.8,2025-08-07
O1310,C1251,P12,78.71,2025-08-07
O1311,C1252,P10,59.33,2025-08-07
O1312,C1253,P10,58.43,2025-08-07
O1313,C1254,P3,34.37,2025-08-08
O1314,C1255,P5,116.31,2025-08-08
O1315,C1256,P10,64.97,2025-08-08
O1316,C1257,P10,63.71,2025-08-08
O1317,C1258,P6,107.04,2025-08-08
O1318,C1259,P6,92.18,2025-08-08
O1319,C1260,P8,66.29,2025-08-08
O1320,C1261,P11,34.43,2025-08-08
O1321,C1262,P7,58.02,2025-08-08
O1322,C1263,P8,55.11,2025-08-08
O1323,C1264,P1,28.67,2025-08-09
O1324,C1265,P8,57.53,2025-08-09
O1325,C1266,P7,55.3,2025-08-09
O1326,C1267,P11,40.92,2025-08-09
O1327,C1268,P1,26.28,2025-08-09
O1328,C1269,P10,61.82,2025-08-09
O1329,C1270,P2,115.23,2025-08-09
O1330,C1271,P6,110.64,2025-08-09
O1331,C1272,P10,59.22,2025-08-09
O1332,C681,P9,23.22,2025-08-09
O1333,C1051,P11,41.49,2025-08-09
O1334,C1273,P12,73.23,2025-08-10
O1335,C1274,P11,33.33,2025-08-10
O1336,C1275,P9,21.82,2025-08-10
O1337,C1276,P3,32.03,2025-08-10
O1338,C1277,P4,35.9,2025-08-10
O1339,C1278,P7,51.85,2025-08-10
O1340,C1279,P3,38.47,2025-08-10
O1341,C1280,P5,100.39,2025-08-10
O1342,C1281,P4,36.36,2025-08-10
O1343,C1282,P7,48.69,2025-08-11
O1344,C1283,P2,110.77,2025-08-11
O1345,C1284,P11,36.1,2025-08-11
O1346,C1285,P3,32.08,2025-08-11
O1347,C1286,P1,28.01,2025-08-11
O1348,C1287,P1,24.92,2025-08-11
O1349,C1288,P4,41.42,2025-08-11
O1350,C1289,P4,44.53,2025-08-11
O1351,C1290,P12,75.27,2025-08-11
O1352,C1010,P2,122.9,2025-08-11
O1353,C1291,P3,33.68,2025-08-12
O1354,C1292,P12,64.86,2025-08-12
O1355,C1293,P4,39.7,2025-08-12
O1356,C1294,P6,102.81,2025-08-12
O1357,C1295,P6,110.1,2025-08-12
O1358,C1296,P6,108.52,2025-08-12
O1359,C1297,P2,114.98,2025-08-12
O1360,C1298,P8,67.72,2025-08-12
O1361,C1299,P5,122.36,2025-08-12
O1362,C1300,P3,33.9,2025-08-12
O1363,C1056,P3,34.06,2025-08-12
O1364,C1301,P2,112.33,2025-08-13
O1365,C1302,P5,110.06,2025-08-13
O1366,C1303,P4,35.65,2025-08-13
O1367,C1304,P8,65.33,2025-08-13
O1368,C1305,P12,71.45,2025-08-13
O1369,C1306,P1,24.47,2025-08-13
O1370,C1307,P4,42.54,2025-08-13
O1371,C1308,P7,60.29,2025-08-13
O1372,C875,P8,59.08,2025-08-13
O1373,C1309,P7,51.03,2025-08-14
O1374,C1310,P6,100.68,2025-08-14
O1375,C1311,P6,88.88,2025-08-14
O1376,C1312,P7,56.42,2025-08-14
O1377,C1313,P12,77.82,2025-08-14
O1378,C1314,P5,99.1,2025-08-14
O1379,C1315,P8,64.16,2025-08-14
O1380,C1316,P10,54.51,2025-08-14
O1381,C1317,P10,55.14,2025-08-14
O1382,C659,P3,37.52,2025-08-14
O1383,C976,P10,58.62,2025-08-14
O1384,C1318,P8,62.68,2025-08-15
O1385,C1319,P1,25.64,2025-08-15
O1386,C1320,P11,33.99,2025-08-15
O1387,C1321,P3,35.1,2025-08-15
O1388,C1322,P10,58.02,2025-08-15
O1389,C1323,P7,53.2,2025-08-15
O1390,C1324,P2,118.29,2025-08-15
O1391,C1325,P4,40.98,2025-08-15
O1392,C1326,P10,61.7,2025-08-15
O1393,C1327,P12,68.91,2025-08-16
O1394,C1328,P3,35.27,2025-08-16
O1395,C1329,P8,60.28,2025-08-16
O1396,C1330,P8,65.8,2025-08-16
O1397,C1331,P8,53.66,2025-08-16
O1398,C1332,P1,28.55,2025-08-16
O1399,C1333,P8,61.01,2025-08-16
O1400,C1334,P5,114.24,2025-08-16
O1401,C1335,P9,22.45,2025-08-16
O1402,C1336,P5,115.58,2025-08-17
O1403,C1337,P3,38.12,2025-08-17
O1404,C1338,P10,60.49,2025-08-17
O1405,C1339,P9,19.9,2025-08-17
O1406,C1340,P3,33.91,2025-08-17
O1407,C1341,P9,22.45,2025-08-17
O1408,C1342,P7,53.16,2025-08-17
O1409,C1343,P8,54.23,2025-08-17
O1410,C1344,P4,41.64,2025-08-18
O1411,C1345,P5,101.79,2025-08-18
O1412,C1346,P1,22.67,2025-08-18
O1413,C1347,P10,56.1,2025-08-18
O1414,C1348,P2,115.57,2025-08-18
O1415,C1349,P3,34.49,2025-08-18
O1416,C1350,P10,62.29,2025-08-18
O1417,C1351,P3,35.07,2025-08-18
O1418,C1352,P1,24.66,2025-08-18
O1419,C1353,P3,39.93,2025-08-19
O1420,C1354,P6,107.57,2025-08-19
O1421,C1355,P5,100.22,2025-08-19
O1422,C1356,P2,122.29,2025-08-19
O1423,C1357,P3,37.07,2025-08-19
O1424,C1358,P7,59.54,2025-08-19
O1425,C1359,P7,61.98,2025-08-19
O1426,C1360,P9,18.65,2025-08-19
O1427,C1361,P3,36.32,2025-08-19
O1428,C1362,P12,65.69,2025-08-20
O1429,C1363,P6,107.29,2025-08-20
O1430,C1364,P9,22.31,2025-08-20
O1431,C1365,P9,19.73,2025-08-20
O1432,C1366,P7,59.03,2025-08-20
O1433,C1367,P2,101.28,2025-08-20
O1434,C1368,P12,76.74,2025-08-20
O1435,C1369,P7,57.07,2025-08-20
O1436,C1370,P6,102.82,2025-08-20
O1437,C805,P8,57.36,2025-08-20
O1438,C1371,P9,19.83,2025-08-21
O1439,C1372,P12,67.61,2025-08-21
O1440,C1373,P5,101.36,2025-08-21
O1441,C1374,P8,65.61,2025-08-21
O1442,C1375,P6,92.27,2025-08-21
O1443,C1376,P9,23.1,2025-08-21
O1444,C1377,P5,110.31,2025-08-21
O1445,C1378,P2,115.7,2025-08-21
O1446,C1379,P6,96.03,2025-08-22
O1447,C1380,P9,18.46,2025-08-22
O1448,C1381,P10,56.54,2025-08-22
O1449,C1382,P2,101.67,2025-08-22
O1450,C1383,P10,61.64,2025-08-22
O1451,C1384,P1,24.51,2025-08-22
O1452,C1385,P4,41.04,2025-08-22
O1453,C1386,P2,121.28,2025-08-22
O1454,C1387,P7,50.39,2025-08-22
O1455,C360,P7,50.19,2025-08-22
O1456,C1388,P12,80.12,2025-08-23
O1457,C1389,P7,49.21,2025-08-23
O1458,C1390,P9,18.8,2025-08-23
O1459,C1391,P7,56.42,2025-08-23
O1460,C1392,P10,64.27,2025-08-23
O1461,C1393,P7,61.23,2025-08-23
O1462,C1394,P10,59.35,2025-08-23
O1463,C1395,P12,71.62,2025-08-23
O1464,C1396,P3,34.5,2025-08-23
O1465,C1397,P9,22.77,2025-08-23
O1466,C1217,P4,41.92,2025-08-23
O1467,C1398,P7,56.33,2025-08-24
O1468,C1399,P5,112.44,2025-08-24
O1469,C1400,P9,22.11,2025-08-24
O1470,C1401,P8,54.56,2025-08-24
O1471,C1402,P6,93.52,2025-08-24
O1472,C1403,P11,42.1,2025-08-24
O1473,C1404,P2,110.92,2025-08-24
O1474,C1405,P5,108.63,2025-08-24
O1475,C955,P2,116.4,2025-08-24
O1476,C1406,P3,37.7,2025-08-25
O1477,C1407,P7,53.87,2025-08-25
O1478,C1408,P9,22.04,2025-08-25
O1479,C1409,P10,61.83,2025-08-25
O1480,C1410,P3,32.64,2025-08-25
O1481,C1411,P2,105.65,2025-08-25
O1482,C1412,P6,92.09,2025-08-25
O1483,C1413,P6,111.53,2025-08-25
O1484,C1414,P8,55.43,2025-08-25
O1485,C547,P4,37.69,2025-08-25
O1486,C892,P9,19.5,2025-08-25
O1487,C1415,P3,35.28,2025-08-26
O1488,C1416,P1,26.13,2025-08-26
O1489,C1417,P3,31.85,2025-08-26
O1490,C1418,P12,68.95,2025-08-26
O1491,C1419,P10,54.67,2025-08-26
O1492,C1420,P7,55.24,2025-08-26
O1493,C1421,P3,39.15,2025-08-26
O1494,C1422,P5,99.7,2025-08-26
O1495,C1423,P1,28.43,2025-08-26
O1496,C1424,P3,39.44,2025-08-26
O1497,C1236,P8,59.2,2025-08-26
O1498,C1425,P1,24.91,2025-08-27
O1499,C1426,P5,106.98,2025-08-27
O1500,C1427,P12,66.44,2025-08-27
O1501,C1428,P9,18.44,2025-08-27
O1502,C1429,P8,58.13,2025-08-27
O1503,C1430,P6,100.5,2025-08-27
O1504,C1431,P8,64.82,2025-08-27
O1505,C1432,P9,18.55,2025-08-27
O1506,C464,P9,22.33,2025-08-27
O1507,C1433,P1,22.91,2025-08-28
O1508,C1434,P3,39.4,2025-08-28
O1509,C1435,P2,105.49,2025-08-28
O1510,C1436,P1,23.56,2025-08-28
O1511,C1437,P1,26.7,2025-08-28
O1512,C1438,P9,21.48,2025-08-28
O1513,C1439,P9,18.49,2025-08-28
O1514,C1440,P1,27.94,2025-08-28
O1515,C1001,P2,120.9,2025-08-28
